;0;1;2;3;4;5;6;7;8;9;10;11;12;13;14;15;16;17;18;19;20;21;22;23;24;25;26;27;28;29;30;31;32;33;34;35;36;37;38;39;40;41;42;43;44;45;46;47;48;49;50;51;52;53;54;55;56;57;58;59;60;61;62;63;64;65;66;67;68;69;70;71;72;73;74;75;76;77;78;79;80;81;82;83;84;85;86;87;88;89;90;91;92;93;94;95;96;97;98;99;100;101;102;103;104;105;106;107;108;109;110;111;112;113;114;115;116;117;118;119;120;121;122;123;124;125;126;127;128;129;130;131;132;133;134;135;136;137;138;139;140;141;142;143;144;145;146;147;148;149;150;151;152;153;154;155;156;157;158;159;160;161;162;163;164;165;166;167;168;169;170;171;172;173;174;175;176;177;178;179;180;181;182;183;184;185;186;187;188;189;190;191;192;193;194;195;196;197;198;199;200;201;202;203;204;205;206;207;208;209;210;211;212;213;214;215;energy;num_occurrences;instance
0;1;1;1;1;-1;-1;-1;1;1;1;1;1;-1;-1;-1;-1;1;1;1;1;-1;-1;-1;-1;1;1;1;1;-1;-1;-1;-1;1;1;1;1;-1;-1;1;-1;1;1;1;1;-1;1;-1;-1;1;1;1;1;1;-1;1;-1;1;-1;1;1;-1;1;-1;1;-1;-1;-1;-1;1;1;1;1;1;1;1;1;1;-1;-1;-1;-1;-1;-1;1;-1;-1;1;-1;1;1;1;1;-1;1;-1;-1;1;1;-1;1;-1;-1;-1;-1;1;1;1;1;1;-1;-1;-1;-1;1;1;1;-1;1;1;1;-1;-1;-1;-1;1;1;1;1;-1;1;-1;-1;-1;1;1;1;1;1;1;1;-1;-1;1;-1;1;-1;-1;1;1;-1;1;1;1;1;1;-1;-1;-1;-1;-1;1;1;1;1;-1;-1;-1;-1;1;1;1;1;-1;-1;-1;-1;1;1;1;1;-1;-1;-1;1;1;1;1;-1;1;-1;1;-1;1;1;1;1;-1;1;1;1;-1;-1;1;1;1;1;-1;-1;1;-1;-1;-1;1;1;1;1;-467.0;1;001
1;1;-1;-1;-1;1;1;1;1;-1;1;-1;1;-1;-1;1;-1;1;1;1;1;-1;-1;-1;-1;1;1;1;1;-1;-1;-1;-1;1;1;1;1;-1;-1;-1;-1;1;-1;1;1;1;-1;-1;-1;1;-1;1;-1;1;1;1;1;-1;-1;1;-1;1;1;1;1;-1;-1;-1;-1;1;1;1;-1;1;1;1;1;-1;-1;-1;-1;1;1;1;1;-1;1;-1;-1;1;1;1;1;-1;-1;-1;-1;1;1;1;1;-1;-1;-1;-1;1;1;1;1;-1;-1;-1;-1;1;1;1;1;-1;-1;-1;1;-1;-1;-1;1;-1;1;1;1;-1;1;-1;1;1;1;1;1;-1;-1;-1;-1;-1;1;1;1;1;1;1;1;-1;-1;-1;-1;1;1;1;1;1;-1;-1;-1;1;1;1;1;1;-1;-1;-1;1;1;1;1;-1;-1;-1;-1;1;1;1;1;1;-1;-1;-1;-1;1;-1;1;1;-1;-1;-1;1;1;1;1;-1;-1;1;1;1;1;1;1;-1;-1;1;1;1;1;1;1;-1;-1;-1;-1;-492.0;1;002
2;1;-1;1;1;1;-1;-1;-1;-1;-1;1;-1;1;1;1;1;-1;-1;-1;-1;1;1;1;1;1;-1;-1;-1;1;1;1;1;-1;-1;-1;-1;1;1;1;1;-1;1;-1;-1;1;1;-1;1;-1;-1;-1;-1;1;1;-1;1;-1;1;-1;-1;1;1;1;1;-1;-1;-1;1;1;1;1;1;-1;-1;-1;-1;1;1;1;1;-1;-1;-1;-1;1;1;1;1;1;-1;1;-1;1;1;1;1;-1;-1;-1;-1;1;1;1;1;-1;-1;-1;-1;1;1;1;1;1;1;-1;-1;-1;-1;-1;1;1;1;1;-1;-1;-1;1;1;1;1;1;1;-1;-1;-1;1;1;1;1;1;1;-1;1;-1;1;1;1;1;-1;-1;1;-1;1;1;1;-1;-1;-1;1;-1;-1;1;-1;1;-1;-1;-1;-1;-1;1;1;1;1;1;1;-1;1;1;1;1;-1;-1;1;-1;1;1;1;1;-1;-1;-1;1;1;1;1;1;-1;-1;-1;-1;1;1;1;-1;-1;1;-1;-1;-1;1;-1;1;-1;1;-1;1;-458.0;1;003
3;-1;1;1;1;1;1;1;-1;-1;-1;-1;1;1;1;1;1;-1;1;-1;-1;1;1;1;1;-1;-1;-1;-1;1;1;1;1;1;-1;-1;1;1;1;1;-1;-1;-1;-1;-1;1;1;-1;1;1;1;-1;1;-1;-1;-1;-1;1;-1;1;1;1;-1;-1;1;-1;-1;-1;-1;1;1;1;1;1;-1;-1;-1;-1;1;1;1;-1;1;1;1;1;1;-1;1;-1;-1;-1;-1;1;1;1;1;-1;-1;-1;-1;1;1;1;1;-1;-1;-1;-1;1;1;1;1;-1;-1;-1;-1;1;1;1;1;-1;-1;-1;-1;1;1;1;1;-1;-1;-1;-1;1;1;1;1;1;-1;-1;1;-1;1;1;-1;-1;-1;-1;1;1;1;1;-1;-1;-1;-1;-1;1;1;1;1;-1;1;-1;-1;1;1;1;1;-1;-1;-1;-1;1;1;1;1;-1;1;1;-1;1;-1;1;1;1;1;-1;1;-1;1;1;-1;-1;1;-1;-1;-1;1;1;1;-1;1;1;1;-1;-1;-1;-1;1;1;1;1;1;-1;-1;1;-495.0;1;004
4;1;-1;1;1;-1;-1;1;-1;1;1;1;1;1;-1;-1;1;1;-1;-1;1;1;-1;1;-1;1;-1;-1;1;1;1;-1;1;-1;-1;-1;-1;-1;1;1;1;-1;-1;1;-1;-1;1;-1;1;1;-1;1;-1;1;1;1;-1;-1;-1;-1;1;1;1;1;-1;-1;-1;-1;-1;1;1;1;1;-1;1;-1;1;1;-1;1;-1;-1;1;-1;-1;1;1;1;-1;1;-1;-1;-1;1;-1;-1;1;1;1;1;-1;-1;-1;1;1;1;1;1;1;-1;-1;-1;1;1;1;1;1;-1;-1;1;-1;-1;1;-1;-1;1;1;1;1;-1;-1;1;-1;1;-1;1;1;1;1;1;1;1;-1;-1;1;1;-1;-1;-1;1;1;1;1;1;-1;1;1;1;-1;1;1;1;1;1;1;-1;-1;1;-1;1;1;-1;1;-1;-1;-1;-1;1;1;1;1;-1;-1;-1;-1;1;1;1;1;-1;-1;-1;1;1;1;1;1;-1;-1;-1;-1;1;1;1;1;-1;-1;1;-1;1;1;1;1;1;-1;-1;-1;-471.0;1;005
5;1;-1;-1;1;-1;1;1;1;1;-1;1;1;-1;-1;-1;1;1;1;1;1;-1;-1;-1;1;1;-1;1;1;1;1;1;-1;-1;1;-1;1;1;-1;1;-1;1;1;1;1;-1;-1;1;1;1;-1;1;1;1;-1;-1;1;1;1;1;1;1;-1;-1;1;1;1;1;1;-1;-1;1;-1;1;1;1;1;-1;-1;-1;-1;1;1;1;1;-1;1;-1;-1;-1;1;1;1;-1;-1;-1;1;1;1;1;1;-1;-1;-1;1;1;-1;1;1;-1;-1;-1;-1;-1;1;-1;1;-1;1;-1;-1;1;1;1;1;1;-1;-1;-1;-1;-1;-1;1;1;1;-1;1;-1;-1;-1;-1;1;1;1;1;1;1;1;-1;-1;1;-1;-1;1;1;1;1;-1;1;-1;-1;1;1;1;1;-1;-1;-1;-1;1;1;1;1;-1;-1;-1;-1;-1;1;1;1;-1;-1;-1;-1;1;1;1;1;-1;-1;-1;1;-1;-1;1;-1;1;1;1;1;-1;-1;1;-1;1;1;1;1;1;1;1;1;-1;1;-1;-1;-460.0;1;006
6;-1;-1;-1;1;-1;1;1;1;1;1;1;1;-1;-1;1;-1;1;1;1;1;-1;-1;-1;-1;-1;1;1;1;1;-1;-1;1;-1;1;1;1;-1;1;1;1;-1;-1;1;-1;1;1;1;1;-1;-1;-1;-1;1;1;1;1;-1;-1;-1;-1;1;1;1;1;1;-1;-1;1;1;1;1;1;1;1;1;1;-1;-1;-1;-1;1;1;-1;1;-1;-1;-1;-1;1;-1;-1;-1;1;1;-1;1;1;1;1;1;-1;-1;-1;1;-1;-1;1;-1;1;1;-1;1;-1;-1;-1;-1;1;1;1;1;-1;-1;1;-1;1;1;1;1;1;-1;1;-1;1;1;-1;1;-1;-1;-1;-1;1;1;1;1;-1;-1;1;-1;1;1;-1;1;-1;-1;-1;-1;1;1;1;1;-1;-1;-1;-1;1;1;1;1;-1;-1;-1;-1;1;1;1;-1;-1;-1;-1;-1;1;1;1;1;1;-1;-1;-1;1;1;1;1;-1;-1;-1;-1;1;1;1;1;1;-1;-1;-1;1;-1;1;1;1;1;1;1;-1;-1;-1;-1;-486.0;1;007
7;1;-1;-1;1;1;-1;1;1;1;1;1;-1;1;-1;1;-1;1;1;-1;1;-1;1;-1;-1;1;1;-1;1;-1;-1;-1;1;1;1;1;1;-1;-1;-1;-1;1;1;1;1;1;-1;-1;-1;1;-1;1;1;1;1;1;-1;1;-1;-1;1;-1;1;1;1;1;-1;-1;-1;1;1;1;1;-1;1;1;-1;1;-1;1;1;-1;-1;-1;1;1;-1;-1;1;-1;-1;1;-1;1;1;1;1;1;-1;1;-1;-1;1;-1;-1;-1;1;-1;-1;1;1;1;-1;-1;-1;-1;-1;-1;1;1;1;-1;-1;-1;-1;1;1;1;1;-1;-1;-1;-1;1;1;1;1;-1;-1;-1;-1;1;1;1;1;-1;-1;-1;1;1;1;1;1;-1;-1;-1;-1;1;1;1;1;1;-1;-1;1;1;1;1;1;-1;-1;-1;-1;1;1;1;1;-1;-1;-1;-1;1;1;1;1;1;-1;-1;1;1;1;1;1;-1;-1;-1;-1;1;1;1;1;-1;-1;-1;-1;1;1;1;1;1;1;1;1;-1;1;1;-1;-490.0;1;008
8;1;-1;1;-1;1;1;1;-1;1;-1;-1;-1;-1;1;1;1;1;1;1;1;-1;-1;-1;-1;1;1;1;1;-1;-1;1;-1;-1;1;-1;1;1;-1;-1;1;-1;-1;-1;-1;1;1;1;1;1;-1;1;-1;-1;1;1;1;-1;1;1;-1;-1;1;1;1;1;1;1;-1;-1;-1;1;-1;1;1;1;1;-1;-1;-1;-1;1;1;1;1;-1;-1;-1;-1;1;1;1;1;-1;-1;-1;-1;1;-1;1;1;1;-1;-1;1;1;-1;1;-1;1;1;1;1;-1;-1;-1;-1;1;1;1;1;-1;-1;-1;-1;1;1;1;1;1;-1;-1;-1;-1;1;1;-1;-1;1;-1;-1;1;1;-1;1;1;1;-1;1;-1;1;-1;-1;1;1;1;-1;-1;-1;-1;-1;1;1;1;1;-1;-1;-1;-1;1;1;1;1;-1;-1;1;-1;1;-1;-1;1;1;-1;1;1;-1;-1;-1;-1;1;1;1;1;-1;-1;-1;1;1;1;-1;1;-1;1;-1;-1;-1;1;1;1;1;1;1;1;-1;-1;-1;-1;-477.0;1;009
9;-1;-1;-1;-1;1;1;1;1;-1;-1;-1;-1;1;1;1;1;-1;-1;-1;-1;1;1;1;1;-1;1;-1;1;-1;1;1;-1;1;1;-1;-1;-1;-1;1;1;1;1;1;1;-1;-1;-1;-1;-1;1;1;1;-1;-1;-1;1;1;1;1;1;-1;1;-1;-1;-1;1;1;-1;-1;1;1;1;1;-1;-1;-1;1;1;1;1;-1;-1;-1;-1;1;1;1;1;-1;1;-1;-1;1;1;1;1;-1;-1;-1;-1;-1;-1;1;1;1;1;1;-1;-1;-1;-1;-1;-1;-1;1;1;-1;1;1;-1;1;1;-1;1;-1;-1;-1;-1;-1;-1;1;-1;-1;1;1;-1;-1;-1;-1;-1;1;1;1;1;1;-1;-1;1;1;1;1;1;-1;1;1;-1;1;-1;1;1;1;1;1;1;1;-1;-1;-1;1;1;1;-1;-1;-1;-1;1;1;-1;1;1;-1;-1;-1;-1;1;1;1;1;-1;1;-1;-1;-1;1;1;-1;1;1;-1;1;1;-1;-1;1;-1;-1;1;1;1;1;-1;1;-1;1;1;-1;-478.0;1;010
10;-1;1;1;1;1;-1;1;1;-1;1;-1;1;1;1;-1;1;-1;-1;-1;-1;1;1;1;1;-1;1;-1;-1;1;1;-1;1;1;-1;-1;-1;1;1;-1;1;-1;-1;-1;-1;1;1;1;1;1;-1;-1;-1;1;1;1;1;-1;-1;-1;-1;1;1;1;-1;-1;-1;-1;-1;1;1;1;1;1;1;1;-1;-1;1;-1;1;-1;-1;-1;1;1;1;1;1;1;-1;-1;-1;1;1;1;1;-1;-1;-1;-1;1;1;1;1;-1;-1;-1;-1;1;1;1;1;1;1;1;1;1;-1;1;1;1;-1;1;-1;1;1;1;1;1;1;1;-1;-1;-1;1;-1;1;1;1;1;-1;1;-1;-1;-1;-1;-1;1;1;1;-1;1;1;1;1;-1;1;-1;-1;1;-1;1;1;1;-1;-1;-1;-1;1;1;1;-1;-1;1;1;1;1;1;1;1;-1;-1;-1;-1;1;1;1;1;-1;-1;-1;-1;1;1;1;1;-1;-1;-1;-1;1;-1;1;1;1;-1;-1;-1;-1;-1;-1;-1;1;1;1;1;-474.0;1;011
11;-1;1;-1;-1;1;-1;1;1;-1;1;-1;1;1;-1;1;1;-1;-1;1;1;1;1;1;1;-1;-1;1;-1;1;1;1;-1;-1;-1;-1;-1;1;1;1;1;-1;-1;-1;-1;1;1;1;1;-1;-1;-1;-1;1;1;-1;1;-1;1;-1;-1;1;1;1;1;-1;-1;-1;-1;1;1;1;1;1;1;1;1;-1;-1;-1;-1;1;-1;1;-1;1;1;1;1;-1;-1;-1;-1;-1;1;1;1;-1;1;-1;-1;1;1;1;1;1;-1;-1;-1;1;1;1;-1;-1;-1;-1;-1;1;1;1;-1;1;-1;-1;-1;1;1;1;1;-1;-1;-1;-1;1;1;1;1;-1;-1;-1;-1;1;1;1;1;-1;-1;-1;1;1;1;1;1;-1;1;-1;1;-1;1;1;1;1;1;1;1;-1;1;-1;-1;-1;-1;-1;1;1;1;1;1;-1;-1;1;-1;1;1;1;1;-1;-1;-1;1;1;1;1;1;-1;1;-1;-1;1;1;1;1;-1;-1;-1;-1;1;1;1;1;-1;1;1;1;-1;1;-1;1;-485.0;1;012
12;1;1;1;1;-1;-1;-1;-1;1;1;1;1;-1;-1;-1;-1;-1;-1;-1;1;1;1;1;-1;1;-1;1;1;1;-1;1;-1;-1;-1;1;-1;1;1;1;1;-1;-1;-1;-1;1;1;1;1;-1;-1;-1;-1;1;1;1;1;-1;-1;-1;-1;1;1;1;1;-1;-1;-1;-1;1;1;1;1;1;1;1;1;1;-1;-1;-1;-1;-1;-1;-1;1;1;1;1;-1;1;-1;-1;1;1;1;1;-1;-1;-1;-1;1;1;1;1;-1;-1;-1;-1;1;1;1;1;1;-1;-1;1;1;1;1;1;-1;1;-1;-1;1;1;-1;1;-1;-1;-1;1;-1;1;1;1;-1;-1;-1;1;1;1;1;1;-1;-1;-1;1;1;1;-1;1;-1;-1;-1;1;1;1;-1;1;-1;-1;-1;-1;1;1;1;1;1;1;-1;1;-1;-1;-1;1;1;1;1;-1;-1;-1;-1;-1;1;1;-1;-1;-1;-1;-1;-1;-1;-1;-1;1;1;1;1;1;-1;-1;1;-1;1;1;1;1;1;-1;-1;-1;1;1;1;1;-485.0;1;013
13;-1;-1;-1;1;1;1;1;1;-1;-1;-1;1;1;1;1;1;1;1;1;1;1;-1;-1;-1;1;1;1;-1;-1;-1;-1;1;1;1;1;1;-1;-1;-1;-1;-1;1;1;1;-1;-1;1;-1;-1;-1;-1;1;1;1;1;1;-1;-1;1;-1;1;1;1;1;1;-1;-1;-1;1;1;1;1;1;1;1;1;-1;-1;1;-1;1;1;1;1;-1;-1;-1;-1;1;1;-1;1;-1;-1;-1;-1;1;1;1;1;-1;-1;-1;-1;1;1;1;1;-1;-1;-1;-1;1;-1;1;1;1;-1;1;-1;-1;1;-1;1;1;-1;1;1;1;1;1;1;-1;-1;-1;1;1;1;1;1;-1;-1;-1;1;-1;-1;1;-1;1;-1;-1;1;-1;-1;-1;-1;1;1;1;1;-1;-1;1;-1;1;1;1;1;1;1;-1;1;-1;-1;-1;-1;1;1;1;-1;-1;-1;-1;-1;1;1;1;1;-1;-1;-1;-1;1;1;1;1;-1;-1;-1;-1;1;1;1;1;-1;-1;-1;-1;1;1;1;1;-1;1;-1;-1;-470.0;1;014
14;1;1;1;1;-1;-1;-1;-1;1;1;1;1;-1;-1;-1;-1;1;1;1;1;-1;-1;-1;-1;1;1;1;1;-1;-1;-1;-1;1;1;1;1;-1;-1;-1;-1;1;1;1;1;-1;-1;-1;-1;-1;1;1;1;-1;1;-1;1;1;-1;1;1;1;-1;-1;1;-1;-1;1;1;1;-1;1;1;1;1;1;1;1;-1;-1;-1;1;-1;1;-1;-1;1;-1;-1;-1;-1;-1;-1;1;1;-1;1;1;1;-1;1;-1;-1;-1;-1;1;1;1;1;-1;-1;-1;-1;1;1;1;-1;-1;-1;-1;-1;1;1;1;1;-1;-1;-1;1;1;1;1;1;-1;1;1;-1;1;1;1;1;-1;1;-1;-1;-1;-1;1;-1;1;1;1;1;-1;-1;-1;-1;1;1;1;1;-1;1;1;-1;1;1;1;1;-1;-1;-1;-1;1;1;1;1;1;1;-1;-1;1;1;-1;1;1;1;-1;1;-1;-1;-1;-1;1;1;1;1;-1;-1;-1;-1;1;1;1;1;-1;-1;-1;-1;1;1;1;1;-1;1;-1;-1;-465.0;1;015
15;1;1;1;1;-1;1;-1;1;1;-1;-1;1;1;1;1;-1;-1;-1;-1;1;1;1;1;1;-1;1;1;-1;1;1;-1;1;-1;-1;-1;-1;1;-1;1;1;1;1;1;-1;-1;1;1;1;-1;-1;1;-1;-1;1;1;1;1;-1;1;-1;1;1;1;1;1;1;1;1;1;-1;-1;1;-1;-1;1;-1;1;-1;-1;1;1;1;1;-1;1;-1;1;1;1;-1;1;1;-1;-1;1;1;1;-1;-1;-1;1;1;1;1;1;1;1;-1;-1;-1;-1;-1;-1;1;1;1;-1;-1;-1;-1;1;1;1;1;-1;-1;-1;-1;1;1;1;1;-1;-1;-1;-1;1;-1;1;1;-1;1;1;1;1;1;1;1;-1;-1;-1;-1;1;1;1;1;-1;-1;-1;-1;1;1;1;1;-1;-1;-1;-1;1;1;1;1;-1;-1;-1;1;-1;1;1;1;-1;-1;-1;-1;1;-1;-1;1;1;-1;-1;1;1;1;1;1;-1;-1;-1;1;1;-1;-1;1;1;-1;-1;1;-1;1;1;-1;-1;1;1;1;-456.0;1;016
16;-1;-1;-1;1;1;1;1;1;1;1;1;-1;-1;-1;1;1;1;1;1;1;-1;-1;-1;-1;1;1;1;-1;-1;1;-1;-1;1;1;1;1;-1;-1;1;-1;1;1;1;1;-1;1;1;-1;-1;-1;-1;1;1;1;1;1;-1;-1;1;-1;1;1;1;1;1;-1;-1;1;1;1;-1;1;1;1;1;1;-1;-1;1;-1;1;1;1;1;-1;-1;-1;-1;1;-1;1;1;-1;-1;-1;-1;1;1;1;1;-1;1;-1;-1;1;1;1;1;-1;-1;-1;-1;1;1;1;-1;-1;-1;-1;1;1;-1;1;1;-1;-1;1;1;1;1;1;1;-1;1;-1;-1;1;1;1;1;-1;-1;-1;-1;1;1;1;-1;-1;-1;1;1;1;1;1;1;-1;-1;-1;-1;1;1;1;1;-1;-1;1;-1;1;1;1;1;-1;1;-1;-1;-1;1;1;1;1;-1;-1;-1;1;1;-1;1;-1;1;-1;-1;1;1;1;1;-1;-1;-1;-1;1;1;-1;1;-1;1;1;-1;1;-1;-1;1;1;-1;1;-1;-466.0;1;017
17;-1;-1;-1;1;-1;1;1;1;1;1;-1;1;-1;1;1;1;1;1;1;1;-1;-1;-1;-1;1;1;-1;1;-1;-1;1;-1;1;1;1;1;-1;-1;-1;-1;1;1;1;-1;1;-1;1;-1;-1;1;-1;1;1;1;1;1;-1;-1;1;1;1;1;1;1;-1;-1;-1;-1;1;1;1;1;1;1;1;-1;-1;-1;-1;-1;1;1;1;1;-1;-1;-1;-1;1;1;1;1;-1;-1;-1;-1;1;1;1;1;-1;-1;-1;-1;1;1;1;1;-1;-1;-1;-1;-1;-1;1;1;1;1;1;-1;-1;1;-1;1;1;1;1;-1;-1;-1;-1;-1;1;1;1;1;-1;-1;-1;-1;1;1;1;1;1;1;1;1;1;-1;-1;-1;1;1;1;1;-1;-1;-1;-1;1;-1;1;1;-1;1;-1;-1;1;1;1;1;-1;-1;-1;-1;-1;-1;1;-1;1;-1;1;1;-1;-1;1;-1;1;1;1;1;-1;-1;-1;1;1;1;1;1;-1;-1;1;-1;1;1;1;1;-1;1;1;-1;1;1;1;-1;-469.0;1;018
18;-1;-1;1;1;1;1;1;1;-1;-1;-1;-1;1;1;1;1;-1;-1;-1;-1;1;1;1;1;-1;-1;-1;-1;1;1;1;1;1;-1;-1;-1;1;-1;-1;1;1;1;1;-1;-1;-1;-1;-1;1;1;1;1;-1;-1;1;-1;1;1;1;1;-1;-1;1;-1;1;-1;1;1;-1;1;1;-1;-1;1;-1;-1;1;1;1;1;-1;1;-1;1;1;-1;-1;1;1;1;1;1;-1;-1;1;-1;1;-1;-1;-1;1;-1;1;1;1;1;1;1;-1;-1;-1;-1;1;-1;1;1;-1;1;-1;-1;1;1;1;1;-1;-1;-1;-1;-1;1;1;1;1;-1;-1;-1;-1;1;-1;-1;-1;1;1;1;1;1;1;1;-1;-1;-1;-1;1;1;1;1;-1;-1;-1;-1;1;1;1;1;-1;-1;-1;-1;1;1;1;1;-1;-1;-1;-1;1;-1;1;-1;1;1;-1;-1;-1;-1;-1;-1;1;1;1;1;-1;-1;-1;-1;1;1;-1;1;-1;-1;-1;-1;1;1;1;1;-1;-1;-1;-1;1;1;1;1;-466.0;1;019
19;1;-1;1;1;1;-1;-1;1;1;1;1;1;-1;-1;1;-1;-1;1;1;1;-1;-1;-1;-1;1;1;1;-1;-1;1;1;-1;-1;1;1;1;-1;1;1;-1;-1;1;1;1;1;1;1;-1;-1;1;-1;1;1;-1;1;1;-1;-1;-1;-1;1;1;1;1;1;-1;-1;1;1;-1;1;1;-1;1;-1;1;1;1;-1;-1;-1;-1;-1;-1;1;1;1;-1;-1;1;-1;-1;-1;1;1;1;-1;-1;1;-1;-1;-1;1;-1;-1;1;1;-1;1;1;-1;1;-1;-1;1;-1;1;1;1;1;1;-1;-1;-1;1;1;1;1;-1;-1;-1;-1;1;1;1;1;-1;-1;-1;-1;1;1;1;1;1;1;1;-1;1;-1;1;1;1;1;1;1;-1;-1;-1;-1;1;1;1;1;-1;-1;-1;-1;-1;1;1;1;-1;1;1;-1;-1;-1;-1;1;1;1;1;1;-1;-1;-1;-1;1;1;1;1;-1;-1;-1;-1;1;1;1;1;-1;-1;-1;-1;1;1;1;1;1;-1;1;1;-1;1;1;-1;-476.0;1;020
20;1;1;-1;-1;-1;-1;-1;1;1;1;1;1;-1;-1;-1;1;1;1;1;1;1;-1;-1;-1;1;1;1;1;-1;-1;1;-1;1;1;1;1;-1;-1;-1;-1;1;1;1;1;-1;1;-1;1;1;-1;-1;1;1;1;-1;1;-1;-1;-1;1;1;1;1;1;1;-1;-1;-1;1;1;-1;1;1;1;1;1;-1;-1;-1;-1;1;1;1;-1;-1;-1;-1;-1;1;-1;1;1;-1;-1;-1;-1;-1;1;1;1;-1;-1;-1;-1;-1;-1;1;1;-1;1;-1;1;-1;-1;-1;-1;1;1;1;1;-1;-1;1;-1;1;1;1;1;1;-1;1;-1;1;1;1;1;-1;1;-1;-1;1;1;1;1;1;1;-1;1;-1;-1;-1;1;1;1;1;1;-1;-1;-1;-1;1;-1;1;1;-1;-1;1;-1;1;-1;1;-1;1;1;1;-1;-1;-1;-1;1;1;1;1;1;1;-1;1;-1;1;1;1;1;-1;-1;-1;-1;1;1;1;1;-1;1;-1;-1;1;-1;1;-1;1;-1;1;-1;1;1;-1;1;-478.0;1;021
21;1;-1;1;1;-1;1;-1;-1;1;-1;1;-1;-1;1;1;1;1;1;1;-1;-1;-1;-1;-1;-1;-1;1;-1;-1;1;1;1;-1;1;1;1;-1;-1;1;-1;-1;1;1;1;1;1;1;1;-1;-1;1;-1;1;1;1;1;-1;-1;-1;-1;1;1;1;1;-1;1;-1;-1;1;-1;1;1;-1;1;1;-1;-1;-1;1;1;1;1;1;1;-1;-1;-1;-1;1;1;1;1;-1;-1;-1;-1;1;1;1;1;-1;-1;-1;-1;1;1;1;1;-1;-1;-1;-1;-1;1;1;1;-1;-1;1;-1;-1;1;1;-1;1;1;1;1;-1;-1;1;-1;1;-1;1;1;1;-1;-1;-1;1;1;1;1;1;1;1;1;-1;-1;-1;-1;1;1;1;1;-1;-1;-1;-1;1;1;-1;1;-1;-1;1;-1;1;1;1;1;-1;1;-1;-1;-1;-1;-1;1;1;-1;1;1;-1;-1;-1;-1;1;1;1;1;-1;-1;-1;-1;1;1;1;1;-1;-1;-1;-1;1;1;1;1;-1;-1;-1;1;-1;1;1;1;-470.0;1;022
22;-1;-1;-1;-1;-1;1;1;1;-1;-1;1;-1;1;1;1;1;-1;-1;1;-1;1;-1;1;1;1;-1;-1;-1;1;1;1;1;1;-1;-1;-1;-1;1;1;-1;1;1;1;1;-1;-1;-1;-1;-1;1;-1;1;-1;1;1;1;-1;1;1;1;1;-1;-1;1;-1;1;-1;-1;1;1;1;1;1;1;1;1;-1;-1;-1;1;1;1;1;1;-1;1;-1;1;1;1;-1;1;1;-1;-1;-1;1;1;1;1;-1;-1;-1;1;-1;1;1;-1;-1;-1;-1;-1;1;-1;-1;-1;-1;1;-1;1;1;-1;1;1;-1;1;1;-1;-1;-1;-1;-1;1;1;1;1;-1;-1;-1;-1;1;1;1;1;-1;1;-1;-1;1;1;-1;1;-1;1;1;1;1;-1;1;-1;-1;1;-1;1;1;-1;1;1;-1;-1;-1;-1;1;1;-1;1;1;1;1;1;-1;1;-1;1;-1;1;1;1;-1;-1;-1;-1;1;1;1;-1;-1;-1;1;1;1;1;1;1;-1;-1;1;-1;1;-1;1;1;1;-1;-1;1;-463.0;1;023
23;1;-1;1;-1;-1;1;-1;1;1;1;-1;-1;1;1;1;1;-1;1;-1;1;1;1;-1;1;1;1;-1;1;1;-1;1;-1;-1;1;1;1;-1;-1;1;-1;1;1;1;1;-1;-1;-1;-1;1;1;1;1;-1;-1;1;1;1;1;1;1;1;-1;-1;1;1;1;1;1;-1;-1;-1;-1;1;1;1;-1;-1;1;1;1;-1;1;1;1;1;-1;1;-1;1;1;1;1;-1;-1;1;1;-1;-1;1;-1;1;1;1;-1;1;-1;-1;-1;-1;-1;-1;1;1;-1;1;1;-1;-1;-1;-1;1;1;1;1;-1;-1;-1;-1;-1;1;1;1;-1;-1;1;1;-1;1;1;-1;1;-1;1;-1;1;1;1;1;-1;-1;-1;-1;1;1;1;1;-1;-1;-1;-1;1;1;1;1;-1;-1;-1;-1;1;1;1;1;-1;-1;-1;1;1;1;1;1;-1;-1;1;-1;1;1;1;1;1;-1;-1;-1;1;1;1;1;-1;1;-1;-1;1;-1;-1;1;-1;1;1;1;1;1;1;1;1;-1;1;-1;-444.0;1;024
24;1;1;1;-1;-1;1;-1;1;1;1;1;1;-1;1;-1;-1;1;-1;1;-1;-1;-1;1;-1;-1;-1;-1;1;1;1;-1;1;-1;-1;-1;-1;1;1;1;1;-1;-1;-1;-1;1;1;1;1;-1;-1;-1;-1;-1;1;1;1;-1;1;1;-1;1;-1;1;1;1;1;1;1;1;-1;-1;-1;1;1;1;1;-1;-1;-1;-1;-1;1;1;-1;1;-1;1;-1;-1;-1;-1;-1;1;1;1;1;-1;-1;-1;-1;1;1;1;1;-1;1;-1;-1;-1;1;1;1;1;1;1;1;-1;-1;-1;1;-1;-1;-1;-1;1;1;-1;1;-1;-1;-1;1;1;-1;-1;1;-1;1;1;-1;1;1;-1;-1;-1;-1;-1;1;1;1;1;1;1;-1;-1;-1;1;1;1;1;-1;1;1;1;-1;-1;1;-1;1;1;1;-1;-1;1;1;1;1;1;1;1;1;-1;-1;-1;1;1;-1;1;1;-1;-1;-1;1;1;1;1;-1;-1;-1;1;1;1;1;1;-1;-1;1;-1;1;-1;1;1;1;-1;1;-1;-472.0;1;025
25;-1;1;-1;1;1;1;-1;1;-1;-1;-1;-1;1;1;-1;1;-1;-1;-1;-1;1;1;1;1;-1;-1;-1;1;1;1;1;1;-1;-1;-1;-1;1;-1;1;-1;-1;1;-1;1;-1;1;-1;1;1;-1;1;1;-1;-1;1;-1;1;-1;1;-1;1;1;-1;1;-1;1;1;-1;1;-1;1;1;1;-1;-1;-1;1;1;1;1;-1;-1;-1;1;-1;1;1;-1;1;-1;1;-1;-1;1;1;1;-1;-1;-1;-1;1;1;1;1;-1;-1;-1;-1;1;1;1;1;1;-1;-1;1;1;1;1;1;-1;-1;-1;-1;1;-1;1;-1;1;1;-1;1;-1;1;1;-1;-1;-1;-1;1;1;-1;1;1;-1;1;1;1;1;1;1;1;1;1;1;-1;-1;-1;-1;1;1;1;1;1;-1;-1;-1;-1;1;1;1;1;1;-1;-1;1;1;1;1;1;-1;-1;-1;-1;-1;1;1;1;1;-1;-1;1;1;1;1;1;-1;1;-1;-1;-1;-1;-1;-1;1;1;1;1;-1;-1;-1;-1;1;1;1;1;-467.0;1;026
26;1;1;1;-1;1;-1;-1;-1;1;-1;1;1;-1;-1;1;-1;1;1;1;1;-1;-1;-1;-1;1;1;1;-1;-1;1;-1;1;1;1;1;1;1;-1;-1;-1;1;1;1;1;-1;-1;1;-1;1;1;1;1;-1;-1;1;-1;1;1;1;1;-1;1;1;1;1;-1;1;1;-1;1;-1;-1;1;1;1;1;-1;-1;-1;-1;1;1;-1;1;-1;-1;-1;-1;1;1;1;1;-1;-1;-1;-1;1;1;1;1;-1;-1;-1;-1;-1;1;1;1;1;-1;-1;-1;-1;-1;1;-1;1;1;1;1;1;-1;1;1;1;1;-1;-1;-1;-1;-1;-1;1;1;1;-1;-1;-1;-1;-1;1;1;1;1;1;1;1;1;-1;-1;-1;-1;1;1;1;1;-1;-1;-1;-1;1;1;1;1;-1;-1;-1;-1;1;1;1;1;-1;-1;-1;-1;1;1;1;1;-1;1;1;-1;-1;-1;-1;-1;1;1;1;1;-1;-1;-1;-1;1;1;1;1;-1;1;-1;-1;1;-1;1;1;-1;-1;1;1;1;-1;-1;1;-476.0;1;027
27;1;1;1;1;1;-1;1;-1;-1;-1;-1;1;1;-1;-1;1;-1;-1;-1;1;1;1;1;1;-1;-1;-1;-1;1;1;1;1;-1;-1;-1;-1;1;1;1;1;-1;-1;-1;-1;-1;1;1;1;-1;-1;-1;-1;1;1;1;1;-1;-1;-1;-1;1;1;1;1;-1;-1;-1;-1;1;1;1;-1;-1;-1;1;-1;1;1;1;-1;-1;-1;-1;-1;1;1;1;1;1;1;-1;-1;1;1;1;1;-1;-1;-1;-1;1;1;1;1;1;-1;-1;-1;-1;1;1;1;1;1;1;1;-1;-1;-1;-1;1;-1;1;-1;1;-1;1;1;-1;1;1;1;1;-1;1;1;-1;-1;-1;-1;1;1;1;-1;-1;-1;-1;1;1;-1;1;1;1;1;-1;1;1;1;1;-1;-1;-1;1;-1;-1;1;-1;1;1;1;1;1;-1;-1;-1;1;1;1;1;1;-1;-1;-1;-1;1;1;1;1;-1;-1;-1;-1;-1;1;1;1;-1;1;-1;1;-1;-1;1;-1;1;1;1;1;-1;1;-1;-1;1;1;1;1;-475.0;1;028
28;-1;-1;-1;-1;1;1;1;1;-1;-1;-1;-1;1;1;1;1;-1;-1;-1;-1;1;1;1;1;-1;-1;1;-1;-1;1;-1;1;-1;-1;-1;1;1;1;-1;1;-1;-1;-1;-1;1;1;1;1;-1;1;-1;-1;1;1;1;1;1;-1;-1;-1;1;-1;1;1;1;-1;-1;-1;1;-1;-1;1;1;-1;-1;1;1;-1;1;1;1;1;1;1;1;-1;1;1;1;1;1;-1;-1;-1;1;-1;1;-1;-1;-1;1;1;1;1;-1;1;-1;-1;-1;1;1;1;1;1;1;1;-1;-1;-1;-1;1;1;-1;1;-1;1;1;1;1;1;1;1;-1;-1;-1;-1;1;1;1;1;1;1;1;-1;1;1;1;-1;-1;1;-1;1;1;1;1;1;-1;-1;-1;-1;1;1;1;1;1;-1;-1;-1;1;1;1;1;-1;-1;-1;-1;1;1;1;1;-1;-1;-1;-1;1;1;1;1;-1;-1;-1;-1;1;1;1;1;-1;-1;-1;-1;1;1;1;1;-1;-1;-1;-1;1;1;1;1;1;-1;-1;-1;-484.0;1;029
29;1;1;-1;1;-1;-1;-1;1;1;1;1;1;-1;-1;-1;-1;1;1;1;1;-1;-1;-1;-1;1;1;1;1;-1;-1;1;-1;1;1;1;1;-1;-1;-1;-1;1;1;1;1;-1;-1;-1;-1;-1;1;1;-1;1;1;1;1;-1;-1;1;-1;1;1;1;1;-1;-1;-1;-1;1;1;1;-1;1;1;1;1;-1;-1;-1;-1;1;1;1;1;-1;-1;-1;-1;1;1;1;1;-1;-1;-1;-1;1;1;1;1;-1;-1;-1;-1;1;-1;1;1;-1;1;-1;-1;-1;-1;-1;-1;-1;1;1;1;-1;-1;-1;-1;-1;1;1;1;-1;1;1;-1;1;1;1;1;-1;1;1;1;-1;-1;-1;1;1;1;-1;1;-1;-1;-1;-1;1;1;1;-1;-1;-1;-1;-1;1;1;1;1;-1;-1;-1;-1;1;-1;1;1;-1;-1;-1;1;-1;1;1;1;1;1;1;1;1;-1;1;-1;1;1;1;-1;1;1;1;-1;-1;-1;1;-1;1;1;1;1;-1;-1;-1;-1;1;1;1;1;-1;1;-1;1;-492.0;1;030
30;-1;-1;1;-1;1;1;-1;1;-1;-1;-1;-1;1;1;1;1;-1;-1;-1;-1;1;1;1;1;1;-1;-1;-1;1;1;1;-1;-1;-1;-1;-1;1;1;1;1;-1;-1;-1;-1;1;1;1;1;-1;-1;-1;-1;1;1;1;1;-1;-1;-1;-1;1;1;1;1;-1;1;-1;-1;1;1;1;1;1;1;-1;-1;-1;-1;1;1;1;1;1;1;-1;-1;-1;-1;1;-1;-1;1;1;1;1;1;-1;-1;1;-1;1;1;1;1;-1;1;-1;-1;1;1;1;1;-1;-1;-1;-1;1;1;1;1;-1;-1;-1;-1;1;1;1;1;-1;-1;-1;-1;1;1;1;1;1;-1;-1;-1;1;1;1;1;1;1;1;1;1;-1;-1;-1;-1;-1;-1;-1;1;1;1;1;-1;-1;-1;1;1;1;1;1;-1;1;-1;-1;1;1;1;1;1;-1;-1;-1;-1;1;1;1;1;1;1;1;-1;-1;-1;-1;-1;1;-1;1;1;1;1;1;-1;1;1;1;1;-1;-1;1;-1;-1;1;1;1;-1;1;-1;-476.0;1;031
31;-1;1;1;1;1;-1;-1;1;1;-1;1;1;1;-1;1;-1;-1;-1;-1;-1;1;1;-1;1;-1;-1;-1;1;1;1;1;1;-1;-1;1;-1;1;1;1;1;-1;-1;-1;-1;1;1;1;1;-1;-1;1;-1;1;1;1;1;-1;1;-1;-1;1;1;1;-1;-1;-1;1;-1;1;1;1;-1;-1;1;-1;1;1;1;-1;1;1;-1;1;-1;-1;-1;1;1;-1;1;-1;-1;1;1;1;1;-1;-1;1;1;1;1;1;-1;-1;-1;-1;-1;1;1;1;1;1;1;1;1;-1;1;-1;1;1;-1;-1;-1;1;1;1;1;-1;1;1;-1;1;-1;1;-1;1;-1;-1;1;1;1;1;1;-1;-1;-1;-1;1;1;1;1;-1;-1;-1;-1;1;1;1;1;1;-1;-1;1;-1;1;1;1;1;1;-1;-1;1;-1;-1;1;1;1;1;1;-1;-1;-1;-1;-1;1;1;-1;1;1;-1;-1;1;1;-1;1;-1;-1;1;-1;1;1;-1;1;-1;-1;1;1;1;1;1;1;-1;-1;-1;-1;-445.0;1;032
32;-1;1;-1;1;1;1;-1;1;-1;1;1;-1;-1;1;1;1;1;1;-1;-1;1;1;1;1;-1;1;-1;-1;1;-1;1;1;1;1;1;1;-1;-1;1;-1;1;1;1;1;-1;-1;1;1;-1;-1;-1;-1;1;1;1;1;-1;1;-1;-1;1;-1;1;1;1;1;1;1;-1;-1;1;-1;1;1;-1;1;1;1;1;-1;1;1;-1;1;-1;-1;-1;-1;1;1;1;1;-1;-1;-1;1;1;1;1;1;-1;-1;-1;-1;1;1;1;-1;-1;-1;1;-1;1;1;1;1;-1;-1;-1;-1;-1;1;1;1;-1;-1;-1;1;1;1;1;1;-1;-1;-1;-1;1;1;1;1;-1;-1;1;-1;-1;-1;1;-1;1;-1;1;-1;-1;-1;1;1;1;1;-1;1;-1;-1;1;-1;1;1;1;1;1;1;-1;-1;1;-1;-1;1;1;1;-1;1;-1;-1;-1;-1;1;1;1;1;1;-1;-1;-1;1;1;1;1;-1;-1;-1;-1;1;-1;1;1;-1;1;-1;-1;-1;1;1;-1;1;1;-1;1;-473.0;1;033
33;1;1;1;1;-1;1;-1;1;1;1;1;1;-1;-1;-1;-1;1;1;1;1;-1;-1;1;-1;1;-1;1;-1;-1;1;1;1;1;-1;-1;1;1;1;1;-1;1;1;1;1;-1;-1;-1;-1;1;-1;1;-1;1;-1;1;-1;1;1;1;1;1;-1;-1;1;1;1;1;-1;-1;1;-1;1;1;1;-1;1;-1;-1;-1;-1;1;1;1;1;-1;-1;-1;-1;1;1;1;1;-1;-1;-1;-1;1;1;1;1;-1;-1;-1;1;1;1;1;1;-1;-1;-1;-1;1;-1;-1;-1;1;1;-1;1;-1;1;1;1;-1;1;1;-1;-1;-1;1;-1;1;1;1;1;1;-1;1;-1;1;1;1;1;-1;-1;1;-1;1;1;-1;-1;-1;-1;-1;-1;1;1;1;1;1;-1;-1;-1;1;1;1;1;-1;-1;1;-1;1;1;-1;1;-1;-1;-1;-1;1;1;1;1;1;1;1;-1;1;-1;1;1;-1;-1;-1;-1;-1;1;1;1;-1;1;-1;-1;1;1;-1;1;-1;1;1;-1;1;1;1;-1;-449.0;1;034
34;1;1;1;1;-1;-1;-1;1;-1;1;1;1;1;-1;-1;-1;1;1;1;1;-1;-1;-1;-1;-1;1;-1;1;1;1;1;-1;-1;1;1;-1;1;1;1;-1;-1;-1;-1;-1;1;-1;1;1;1;-1;-1;1;-1;1;-1;1;1;-1;-1;1;1;-1;-1;1;-1;-1;-1;-1;1;1;1;1;1;-1;-1;1;-1;1;-1;1;1;1;1;1;-1;-1;-1;-1;-1;1;1;1;-1;1;-1;1;1;-1;1;1;1;-1;1;-1;-1;-1;-1;-1;1;1;1;1;-1;-1;-1;-1;1;1;1;1;-1;-1;-1;-1;1;1;1;1;-1;1;-1;1;1;-1;1;1;-1;1;-1;1;1;-1;1;-1;1;1;1;1;-1;-1;-1;-1;-1;1;1;1;-1;1;-1;1;1;-1;-1;-1;1;1;1;1;-1;-1;-1;-1;1;1;1;1;-1;1;-1;-1;1;-1;1;1;1;1;1;1;-1;-1;1;1;1;-1;-1;-1;-1;1;-1;1;1;-1;-1;1;1;1;1;-1;1;1;1;-1;1;1;-1;1;-481.0;1;035
35;1;1;-1;1;-1;-1;-1;-1;1;1;1;-1;-1;-1;-1;1;1;-1;1;1;1;-1;-1;-1;-1;-1;1;-1;-1;1;1;1;-1;-1;-1;-1;1;1;1;1;1;-1;-1;-1;-1;1;1;1;-1;-1;-1;-1;1;1;1;1;-1;-1;-1;-1;1;1;1;1;1;-1;1;-1;1;1;1;-1;1;1;1;-1;-1;-1;-1;-1;1;1;1;1;-1;-1;1;-1;1;1;1;1;-1;-1;-1;1;1;-1;-1;-1;1;1;1;1;1;-1;1;-1;-1;1;1;1;1;1;1;1;-1;-1;-1;1;-1;1;1;1;1;-1;1;1;1;1;1;1;-1;-1;1;-1;1;1;1;1;1;-1;1;-1;1;-1;1;1;1;-1;-1;-1;-1;-1;1;-1;-1;1;-1;-1;-1;1;1;-1;1;1;1;1;1;1;1;1;-1;-1;-1;-1;1;1;-1;1;1;-1;-1;1;1;1;1;-1;-1;1;-1;-1;1;1;1;1;-1;-1;-1;-1;1;1;1;1;-1;-1;-1;-1;1;1;1;1;1;-1;-1;1;-463.0;1;036
36;1;-1;-1;1;-1;1;-1;1;1;1;1;1;1;-1;1;-1;-1;1;-1;1;1;1;1;-1;-1;-1;-1;-1;1;1;-1;1;-1;-1;-1;-1;1;1;1;1;-1;-1;-1;-1;1;1;1;1;-1;-1;-1;1;1;1;1;1;1;-1;-1;-1;-1;-1;1;1;1;1;1;1;-1;-1;-1;-1;1;1;1;1;-1;-1;-1;-1;1;1;1;1;-1;-1;-1;-1;1;1;1;1;-1;-1;-1;-1;-1;1;1;1;-1;-1;1;1;1;-1;1;1;-1;-1;1;1;1;-1;1;1;-1;1;-1;-1;1;1;-1;-1;1;1;1;-1;-1;-1;-1;1;-1;-1;-1;-1;1;1;1;1;1;-1;1;1;1;1;1;1;-1;-1;-1;-1;1;1;1;1;-1;-1;-1;-1;1;1;1;1;-1;-1;-1;-1;1;1;1;1;-1;-1;-1;-1;1;1;1;1;-1;-1;1;-1;1;1;1;1;-1;1;-1;-1;1;1;1;1;-1;-1;-1;-1;1;1;1;1;1;-1;-1;-1;1;1;1;-1;-1;-1;1;-1;-486.0;1;037
37;-1;-1;-1;-1;1;1;-1;1;-1;-1;-1;-1;1;1;1;1;-1;1;-1;1;-1;-1;1;1;1;-1;-1;-1;1;1;1;1;-1;-1;-1;-1;1;1;1;-1;-1;-1;-1;1;1;1;1;1;-1;-1;-1;1;1;1;1;-1;-1;-1;-1;-1;1;1;1;1;-1;-1;-1;-1;1;1;1;1;1;1;1;1;-1;-1;1;-1;1;1;1;1;-1;-1;1;-1;1;-1;1;-1;1;1;-1;-1;1;1;1;1;-1;-1;1;-1;1;1;1;1;-1;-1;-1;-1;1;-1;-1;-1;1;-1;1;-1;-1;-1;-1;-1;1;1;1;1;-1;-1;-1;-1;1;1;1;1;-1;1;-1;1;-1;1;1;1;-1;-1;1;1;1;1;-1;-1;-1;-1;-1;-1;1;1;1;1;-1;-1;-1;-1;1;1;1;1;-1;-1;-1;-1;1;1;1;-1;1;-1;-1;-1;1;1;1;1;1;1;1;1;-1;-1;-1;-1;1;1;1;1;-1;-1;-1;1;1;1;1;1;-1;-1;1;-1;1;-1;1;-1;-1;1;-1;1;-496.0;1;038
38;1;-1;-1;-1;1;1;1;1;-1;1;1;1;-1;-1;-1;1;1;1;1;1;-1;-1;1;-1;1;-1;-1;1;1;-1;-1;-1;-1;-1;1;-1;1;-1;1;-1;1;1;-1;-1;1;1;1;1;-1;-1;1;-1;-1;1;1;1;1;1;-1;1;-1;-1;1;1;1;1;1;1;-1;-1;-1;-1;1;1;1;1;-1;-1;-1;-1;1;-1;1;1;-1;-1;-1;1;1;1;1;1;1;-1;1;-1;1;1;1;1;-1;-1;1;1;1;1;1;1;-1;-1;-1;-1;-1;1;1;1;1;-1;-1;-1;1;1;1;1;-1;-1;-1;1;1;1;1;1;-1;-1;-1;-1;1;-1;1;1;-1;-1;1;1;1;-1;-1;-1;1;1;1;1;1;-1;1;-1;1;1;-1;-1;-1;-1;-1;-1;1;1;-1;1;1;1;1;1;-1;-1;-1;-1;1;1;1;1;-1;-1;-1;1;1;1;1;1;-1;-1;-1;-1;1;1;1;1;-1;-1;-1;-1;-1;1;1;1;-1;1;1;-1;-1;1;-1;1;1;1;1;1;-464.0;1;039
39;-1;1;1;-1;1;1;-1;1;1;-1;1;1;1;1;-1;1;-1;-1;-1;-1;1;1;1;1;-1;1;-1;-1;1;1;-1;1;-1;-1;-1;-1;1;1;-1;1;-1;-1;-1;1;1;1;1;1;-1;-1;-1;-1;1;1;1;1;-1;-1;-1;-1;1;1;1;1;1;-1;-1;1;1;1;1;-1;-1;-1;-1;-1;1;1;1;1;-1;1;-1;-1;-1;1;1;1;1;1;1;1;-1;1;-1;-1;1;1;-1;-1;-1;-1;1;1;1;1;1;1;-1;-1;-1;1;1;1;1;1;1;-1;-1;-1;-1;1;1;1;1;1;1;-1;-1;1;1;1;1;-1;1;-1;1;1;1;-1;-1;-1;-1;1;1;1;1;1;-1;-1;1;-1;1;1;1;1;-1;-1;-1;-1;1;1;-1;1;-1;-1;-1;1;-1;1;1;1;-1;1;-1;-1;1;-1;1;1;1;-1;1;-1;-1;-1;-1;-1;-1;1;1;1;1;-1;-1;-1;-1;1;-1;1;-1;1;1;-1;-1;1;-1;1;1;1;1;1;1;-1;-1;-1;-460.0;1;040
40;1;1;1;1;1;-1;-1;1;1;1;1;1;-1;-1;-1;-1;1;1;1;-1;1;-1;1;-1;-1;-1;-1;1;1;1;1;1;-1;-1;-1;-1;1;1;1;1;-1;1;-1;-1;1;1;1;1;-1;1;-1;-1;-1;1;1;-1;-1;1;-1;-1;-1;1;-1;1;-1;1;1;1;1;-1;-1;1;1;1;1;1;-1;-1;-1;-1;1;1;1;1;-1;-1;-1;-1;1;1;1;1;1;-1;-1;1;-1;-1;1;-1;1;1;1;1;-1;1;-1;-1;1;1;1;1;1;-1;1;1;1;-1;-1;1;1;1;-1;-1;1;-1;1;1;1;1;1;1;-1;1;-1;-1;1;1;1;1;-1;1;-1;1;1;1;1;1;1;-1;-1;-1;1;1;1;1;-1;-1;-1;-1;-1;1;1;1;1;-1;-1;-1;1;1;1;1;-1;-1;-1;1;1;1;1;1;-1;-1;-1;-1;1;1;1;-1;-1;-1;-1;-1;1;1;1;1;1;-1;-1;-1;1;-1;1;1;-1;1;-1;-1;-1;-1;1;-1;1;1;1;1;-451.0;1;041
41;1;1;-1;1;-1;1;1;1;1;1;1;1;-1;-1;-1;-1;1;1;1;1;-1;-1;-1;1;-1;-1;1;1;-1;1;-1;-1;-1;1;1;1;-1;1;1;1;-1;1;1;1;1;1;-1;-1;-1;1;-1;1;1;-1;1;-1;-1;-1;-1;1;1;-1;1;1;-1;-1;-1;-1;1;1;1;1;1;1;1;1;-1;-1;-1;-1;1;1;1;1;-1;-1;-1;1;1;-1;1;-1;1;-1;-1;-1;1;1;1;1;-1;1;-1;-1;1;-1;-1;1;-1;1;-1;-1;-1;-1;-1;-1;1;1;-1;1;1;-1;1;-1;1;1;1;1;-1;-1;-1;-1;1;1;1;1;-1;-1;1;-1;1;-1;1;1;-1;-1;-1;1;1;1;-1;1;-1;-1;-1;-1;1;1;1;1;-1;1;-1;1;1;1;1;1;-1;-1;-1;-1;1;1;1;1;-1;-1;-1;-1;1;1;1;1;-1;1;1;-1;1;1;1;1;-1;-1;-1;-1;1;1;1;1;1;-1;-1;1;1;-1;1;-1;1;-1;-1;1;1;-1;-1;1;-479.0;1;042
42;1;-1;1;1;-1;-1;1;-1;-1;1;1;-1;1;-1;-1;1;1;1;1;1;1;1;-1;1;-1;-1;1;-1;-1;1;-1;1;1;-1;1;-1;-1;1;1;1;1;1;-1;-1;1;-1;1;1;-1;1;-1;-1;1;-1;1;1;1;1;-1;1;1;-1;-1;1;1;1;1;1;-1;1;-1;-1;1;1;-1;1;-1;-1;1;-1;1;1;-1;1;1;-1;-1;-1;-1;-1;-1;-1;-1;1;1;1;-1;-1;-1;-1;1;1;-1;1;-1;1;-1;-1;1;-1;1;1;1;1;1;1;-1;-1;-1;-1;1;1;1;1;-1;-1;-1;-1;1;-1;1;1;-1;1;-1;-1;-1;-1;1;-1;1;1;1;1;-1;-1;-1;1;1;1;1;-1;-1;1;1;-1;1;1;1;1;1;1;-1;1;-1;1;1;-1;1;1;-1;1;1;-1;1;1;1;1;-1;1;-1;-1;-1;-1;1;-1;1;1;1;-1;-1;-1;1;1;1;1;-1;-1;1;-1;-1;-1;-1;-1;1;1;1;-1;1;-1;-1;-1;1;1;1;1;-456.0;1;043
43;-1;-1;1;-1;1;1;1;-1;-1;-1;-1;1;1;1;1;1;-1;-1;-1;-1;1;1;1;1;-1;-1;-1;-1;-1;1;1;1;-1;1;-1;-1;1;1;1;1;1;-1;-1;-1;1;-1;1;-1;1;1;-1;-1;1;-1;1;1;1;1;1;1;1;-1;-1;-1;1;1;1;1;-1;-1;-1;-1;1;1;-1;-1;1;1;1;1;-1;-1;1;-1;1;-1;1;1;1;-1;1;-1;1;-1;1;1;-1;-1;-1;1;1;1;1;1;-1;-1;1;-1;1;1;1;1;-1;-1;-1;-1;1;1;-1;-1;-1;1;1;1;-1;1;-1;-1;-1;1;1;1;-1;1;-1;-1;-1;-1;-1;-1;1;-1;1;1;-1;1;1;1;-1;-1;1;1;1;1;1;1;1;-1;1;-1;1;-1;-1;1;1;-1;1;1;-1;1;1;1;1;-1;1;1;-1;1;-1;1;-1;1;1;1;-1;1;-1;-1;1;1;1;1;-1;-1;-1;-1;1;1;-1;1;-1;-1;-1;-1;1;1;1;1;1;-1;1;-1;-1;1;-1;-1;-465.0;1;044
44;1;1;1;1;-1;-1;-1;1;1;1;1;1;-1;-1;-1;-1;1;1;1;-1;-1;1;-1;-1;1;1;1;1;-1;-1;1;-1;1;1;1;1;-1;-1;-1;-1;1;1;1;1;-1;-1;1;-1;-1;1;1;-1;1;1;1;1;-1;-1;-1;1;1;1;1;1;-1;-1;1;-1;1;1;1;1;1;-1;1;-1;-1;-1;1;1;1;1;1;1;-1;-1;-1;-1;1;1;1;1;-1;-1;1;-1;1;-1;-1;1;1;-1;-1;-1;1;1;-1;1;1;-1;-1;-1;1;-1;1;1;-1;-1;-1;1;1;1;1;1;-1;1;-1;-1;1;1;1;-1;-1;1;1;-1;1;1;1;1;1;-1;-1;1;1;1;1;1;-1;-1;-1;-1;1;1;1;1;-1;-1;-1;-1;1;-1;-1;-1;1;1;1;-1;1;1;1;1;-1;1;-1;-1;-1;1;1;-1;1;1;-1;1;-1;-1;-1;1;1;1;-1;1;1;1;1;1;-1;-1;-1;-1;1;1;1;1;-1;-1;-1;1;1;1;1;1;-1;1;1;-1;-440.0;1;045
45;-1;-1;-1;-1;1;1;1;1;1;1;-1;-1;-1;1;1;1;1;1;1;1;-1;-1;-1;-1;1;-1;-1;-1;1;1;1;1;1;-1;1;-1;-1;1;1;1;-1;1;1;1;-1;1;1;1;-1;1;-1;-1;1;-1;1;-1;-1;1;-1;-1;1;-1;1;1;1;-1;-1;-1;1;1;-1;1;1;1;1;1;1;-1;1;-1;1;1;1;1;-1;-1;-1;-1;1;1;-1;1;-1;-1;1;-1;1;1;-1;1;-1;1;-1;1;1;1;1;1;-1;1;-1;-1;1;1;1;1;-1;-1;-1;-1;1;1;1;1;-1;1;1;-1;1;-1;1;1;1;-1;1;1;1;1;-1;1;1;-1;1;-1;1;-1;1;-1;-1;-1;-1;1;1;1;1;1;-1;-1;-1;-1;1;1;1;1;-1;-1;-1;-1;1;1;1;1;-1;-1;-1;-1;1;-1;1;1;1;-1;-1;-1;1;-1;1;-1;-1;1;-1;1;1;1;1;-1;-1;1;-1;1;1;1;1;1;-1;-1;1;-1;1;-1;1;1;-1;1;-1;-1;-467.0;1;046
46;1;1;1;1;-1;-1;1;-1;1;1;1;1;-1;-1;-1;-1;1;1;1;1;-1;-1;-1;1;-1;-1;1;1;1;-1;1;1;-1;-1;-1;1;1;1;1;1;-1;1;-1;1;1;1;1;1;-1;-1;-1;-1;1;1;1;1;-1;-1;-1;-1;1;1;1;1;-1;-1;-1;-1;1;1;1;1;1;1;1;-1;1;-1;-1;-1;1;1;1;1;-1;-1;-1;-1;-1;1;-1;1;-1;-1;-1;1;1;1;1;1;-1;-1;1;-1;-1;-1;-1;-1;1;1;1;-1;-1;-1;-1;-1;1;1;1;1;1;-1;-1;-1;1;1;1;1;1;1;-1;-1;-1;1;1;1;1;1;1;1;-1;-1;1;-1;-1;-1;-1;1;1;1;1;-1;-1;-1;-1;-1;1;1;1;1;-1;-1;-1;-1;1;1;-1;1;1;1;-1;1;-1;1;1;1;1;1;1;1;-1;-1;1;1;1;1;1;1;-1;-1;-1;-1;1;1;1;1;1;-1;1;-1;1;-1;1;1;1;1;-1;-1;-1;1;-1;-1;1;1;1;1;-497.0;1;047
47;-1;1;-1;1;1;-1;-1;1;1;1;-1;1;-1;1;-1;1;1;1;1;1;-1;-1;-1;-1;1;-1;1;1;-1;-1;1;-1;1;-1;1;-1;1;1;1;1;-1;-1;-1;1;1;1;1;1;-1;-1;1;-1;1;1;1;1;-1;-1;-1;-1;1;1;1;1;-1;-1;-1;-1;1;1;1;1;1;1;1;1;-1;-1;-1;-1;1;1;1;1;-1;-1;-1;-1;1;1;1;1;-1;-1;-1;1;-1;1;-1;1;-1;-1;1;-1;-1;-1;-1;-1;1;1;1;1;1;1;-1;-1;1;-1;1;1;-1;1;-1;-1;1;1;-1;1;1;1;-1;1;-1;-1;1;-1;1;1;1;1;1;-1;-1;-1;-1;1;-1;-1;1;1;-1;1;-1;-1;-1;-1;1;1;1;-1;-1;-1;-1;-1;1;1;1;1;-1;-1;1;-1;-1;-1;1;1;1;1;-1;1;-1;-1;1;1;-1;1;1;1;-1;1;-1;-1;1;1;1;1;-1;-1;-1;-1;1;1;1;1;-1;1;-1;-1;1;-1;-1;1;1;-1;1;-1;-476.0;1;048
48;1;1;1;1;1;-1;-1;-1;-1;-1;1;-1;1;1;1;1;-1;-1;-1;1;1;1;1;1;-1;-1;1;-1;1;1;1;1;1;-1;-1;-1;-1;1;-1;1;1;1;1;-1;-1;1;-1;1;1;1;1;1;-1;1;-1;-1;1;1;1;1;-1;-1;-1;-1;1;1;1;1;-1;-1;1;-1;1;-1;1;-1;-1;-1;-1;1;1;1;1;1;-1;-1;-1;-1;1;1;1;1;-1;-1;-1;1;-1;1;-1;1;1;1;1;1;1;1;1;1;1;1;-1;1;-1;1;-1;-1;-1;1;1;-1;1;1;-1;1;-1;-1;-1;-1;1;1;1;1;-1;-1;-1;-1;1;1;1;1;-1;-1;-1;-1;1;1;-1;1;-1;-1;-1;-1;1;1;1;1;-1;-1;-1;1;1;1;1;1;-1;-1;-1;-1;1;1;1;1;-1;1;-1;1;1;-1;1;1;1;-1;1;-1;1;1;1;-1;1;-1;-1;-1;1;1;1;1;-1;-1;-1;-1;1;1;1;1;-1;-1;-1;1;1;1;-1;1;-1;-1;-1;1;-470.0;1;049
49;1;1;1;1;-1;-1;-1;-1;1;1;1;1;-1;-1;-1;-1;-1;1;1;-1;-1;1;-1;-1;-1;1;1;1;1;-1;-1;1;-1;-1;1;1;1;1;1;-1;1;-1;-1;1;1;-1;1;1;-1;1;-1;-1;-1;1;1;1;1;1;1;-1;-1;-1;-1;1;1;1;1;1;-1;1;-1;-1;-1;-1;1;-1;1;1;1;-1;-1;1;-1;1;-1;1;1;-1;1;-1;1;1;-1;-1;-1;-1;1;1;1;1;-1;-1;-1;1;1;1;1;1;-1;-1;-1;1;1;1;1;1;-1;-1;1;-1;1;-1;1;1;-1;-1;1;-1;1;1;1;1;-1;-1;-1;-1;1;1;1;1;-1;-1;-1;-1;1;1;1;1;-1;-1;-1;-1;1;1;1;1;-1;-1;-1;-1;1;1;1;-1;-1;1;-1;-1;1;1;1;1;1;-1;-1;-1;1;1;1;1;-1;-1;1;-1;1;-1;1;1;-1;-1;-1;-1;1;1;1;1;-1;-1;-1;-1;1;1;1;1;-1;-1;-1;1;1;-1;1;1;1;1;1;-1;-454.0;1;050
50;1;1;1;1;-1;-1;-1;1;1;1;1;1;-1;-1;-1;-1;-1;-1;1;1;1;1;1;-1;-1;-1;1;1;1;1;1;-1;-1;-1;-1;-1;1;1;1;1;-1;-1;-1;-1;1;1;1;1;-1;-1;-1;-1;1;1;-1;1;-1;-1;-1;-1;1;1;1;1;-1;-1;-1;-1;1;-1;1;1;1;-1;1;1;-1;1;-1;-1;-1;1;1;-1;1;1;1;-1;-1;1;-1;-1;-1;1;-1;1;-1;-1;-1;-1;1;1;1;1;-1;-1;-1;-1;1;1;1;1;-1;-1;-1;-1;1;1;1;1;-1;-1;-1;-1;1;1;1;1;-1;1;-1;-1;1;1;-1;1;-1;-1;-1;-1;1;1;1;1;-1;1;-1;1;1;-1;1;1;1;1;-1;1;-1;-1;1;1;1;1;1;1;-1;-1;-1;-1;1;-1;1;1;-1;1;1;1;-1;-1;1;-1;1;1;1;1;-1;-1;-1;-1;1;1;1;1;-1;-1;-1;-1;1;1;1;1;1;-1;-1;-1;1;1;1;1;1;-1;-1;-1;-1;1;1;-1;-468.0;1;051
51;-1;-1;-1;-1;1;1;1;1;-1;-1;-1;-1;1;1;1;1;-1;-1;-1;-1;-1;1;1;1;-1;-1;-1;-1;1;-1;1;1;1;-1;1;1;-1;1;-1;1;1;1;1;1;-1;-1;-1;-1;1;1;1;1;-1;1;1;-1;1;1;1;1;-1;-1;-1;-1;1;1;1;1;-1;1;1;-1;-1;1;1;-1;1;1;1;1;-1;-1;-1;-1;1;-1;1;1;1;1;1;1;1;-1;-1;-1;-1;1;-1;1;-1;-1;1;1;-1;1;1;1;-1;1;-1;-1;-1;-1;1;1;-1;1;1;-1;1;1;1;1;1;-1;-1;-1;-1;1;-1;1;1;1;1;-1;-1;-1;1;-1;1;1;-1;1;1;1;1;1;-1;-1;1;-1;1;1;1;1;-1;1;-1;-1;1;-1;-1;1;-1;1;1;-1;1;1;1;-1;-1;-1;-1;-1;1;1;1;1;1;-1;-1;1;1;-1;-1;1;-1;-1;1;1;-1;-1;-1;1;1;1;1;-1;-1;1;1;-1;1;-1;-1;1;1;1;-1;-1;1;1;-1;1;-450.0;1;052
52;1;-1;-1;1;1;1;-1;1;-1;-1;-1;-1;1;1;1;-1;-1;-1;-1;-1;1;1;1;1;-1;1;-1;-1;1;1;1;1;-1;-1;-1;-1;1;1;1;1;-1;-1;-1;-1;1;1;-1;1;-1;-1;-1;1;1;1;1;1;-1;-1;1;-1;1;1;1;1;-1;-1;-1;-1;1;1;1;-1;-1;-1;1;1;1;1;1;1;-1;-1;-1;1;1;1;-1;1;-1;-1;-1;-1;1;1;1;1;-1;-1;-1;1;1;1;1;1;-1;-1;-1;-1;1;1;1;1;-1;1;-1;-1;1;1;1;1;-1;-1;-1;-1;-1;1;1;1;-1;-1;-1;-1;1;1;1;1;-1;-1;1;-1;1;1;1;1;1;1;1;1;-1;-1;1;-1;1;1;1;-1;-1;-1;1;1;1;1;1;1;-1;1;-1;-1;1;-1;1;-1;1;1;1;1;1;-1;1;-1;1;-1;-1;1;1;-1;1;1;1;-1;1;1;-1;-1;-1;1;1;-1;-1;1;-1;1;1;-1;1;1;1;-1;-1;1;-1;1;-1;1;1;-1;-453.0;1;053
53;-1;-1;-1;1;1;1;1;1;-1;-1;-1;-1;1;1;-1;1;1;-1;-1;-1;1;1;1;1;-1;-1;-1;-1;1;1;1;1;-1;-1;-1;-1;1;1;1;1;-1;-1;1;-1;1;1;1;1;-1;-1;-1;-1;1;1;-1;1;-1;-1;-1;-1;1;1;1;1;1;1;-1;-1;-1;1;1;1;-1;1;-1;-1;1;1;1;1;-1;1;-1;1;1;1;1;1;1;1;1;1;-1;-1;-1;1;1;-1;-1;1;-1;1;1;-1;1;1;1;1;-1;-1;-1;1;1;1;1;1;-1;1;1;-1;-1;-1;-1;1;1;1;1;1;-1;-1;-1;-1;1;1;1;1;-1;-1;1;1;-1;1;1;1;1;1;1;1;-1;-1;1;-1;1;1;1;1;-1;-1;-1;-1;1;1;1;1;1;-1;-1;-1;1;1;1;1;-1;1;-1;-1;1;1;1;1;-1;-1;-1;-1;1;1;1;1;1;-1;1;-1;-1;1;1;1;-1;-1;1;-1;1;-1;1;1;1;1;-1;1;-1;1;-1;-1;1;-1;-1;1;-476.0;1;054
54;1;1;1;1;-1;-1;-1;1;-1;1;1;1;-1;-1;1;-1;1;1;-1;1;-1;-1;1;-1;-1;-1;-1;1;1;1;1;1;-1;1;1;-1;-1;1;1;1;-1;-1;1;-1;1;1;1;1;-1;-1;-1;-1;1;1;1;1;-1;-1;-1;-1;1;1;1;1;-1;-1;-1;-1;1;1;1;1;1;-1;1;-1;-1;1;1;1;1;1;1;1;-1;-1;-1;1;-1;1;1;1;-1;-1;-1;-1;1;1;1;1;-1;-1;-1;-1;-1;-1;1;1;1;1;1;-1;-1;-1;-1;-1;1;1;1;1;1;-1;-1;-1;1;1;1;1;-1;1;-1;-1;-1;-1;1;1;1;1;-1;1;-1;1;-1;1;-1;1;1;1;-1;-1;-1;-1;1;-1;-1;-1;1;-1;1;-1;1;-1;-1;-1;1;1;1;1;-1;-1;-1;-1;1;1;1;1;1;-1;-1;-1;1;1;1;1;-1;1;1;1;1;-1;1;-1;-1;-1;-1;-1;1;1;1;1;1;-1;1;-1;-1;1;1;-1;1;-1;-1;1;-1;1;1;-1;-451.0;1;055
55;1;-1;1;-1;1;1;-1;1;-1;-1;-1;1;1;1;1;1;-1;-1;-1;-1;1;1;-1;1;1;1;1;-1;-1;-1;-1;1;1;1;1;1;-1;-1;-1;-1;-1;-1;-1;-1;1;1;1;1;-1;-1;1;1;1;1;-1;1;-1;-1;-1;-1;1;1;1;1;-1;1;-1;-1;1;1;1;1;-1;1;1;-1;1;1;1;1;1;-1;-1;1;-1;1;1;1;1;1;1;1;-1;-1;-1;1;-1;1;-1;-1;1;-1;1;1;-1;-1;-1;-1;1;1;1;1;-1;-1;-1;-1;1;1;1;1;1;-1;-1;-1;1;1;1;1;-1;1;-1;-1;-1;1;1;1;-1;-1;1;-1;1;1;1;-1;1;1;1;1;-1;-1;-1;1;1;1;1;1;-1;-1;-1;-1;-1;1;1;1;-1;-1;1;-1;1;-1;1;1;1;-1;1;1;1;1;1;1;-1;-1;1;1;1;-1;1;-1;1;1;-1;-1;-1;-1;-1;1;1;1;1;1;-1;-1;-1;-1;1;1;1;1;1;-1;-1;1;1;-1;1;1;-461.0;1;056
56;1;1;1;1;-1;-1;-1;-1;1;1;1;1;-1;1;-1;-1;-1;-1;1;1;1;1;1;1;-1;-1;-1;1;1;1;-1;1;-1;-1;-1;-1;1;1;1;1;-1;-1;-1;-1;1;1;1;1;-1;-1;-1;1;-1;-1;1;1;1;1;-1;1;1;-1;-1;1;-1;1;-1;1;-1;-1;-1;1;-1;1;1;1;-1;-1;-1;-1;-1;-1;-1;1;1;1;-1;1;1;-1;-1;-1;1;1;1;1;-1;-1;-1;-1;1;1;1;1;-1;-1;-1;-1;1;1;1;1;-1;-1;1;1;-1;1;1;1;-1;-1;-1;-1;1;1;-1;-1;-1;-1;1;-1;1;1;1;1;-1;-1;1;-1;1;1;1;1;-1;-1;-1;-1;1;1;1;1;-1;-1;1;-1;1;1;1;-1;-1;-1;-1;-1;1;1;1;1;1;1;-1;1;-1;-1;1;-1;1;1;1;-1;-1;-1;-1;-1;1;1;1;1;-1;-1;-1;-1;1;1;1;1;-1;1;1;1;1;-1;-1;1;1;-1;1;-1;1;1;1;1;-1;-1;-1;-1;-478.0;1;057
57;1;1;-1;1;-1;1;-1;1;1;1;-1;1;-1;-1;-1;-1;1;1;1;1;-1;-1;-1;-1;1;1;1;1;-1;-1;1;-1;1;1;1;1;-1;-1;-1;-1;1;1;1;-1;1;-1;1;1;-1;-1;1;-1;-1;1;1;1;-1;-1;-1;-1;1;1;1;1;1;-1;-1;1;1;1;1;1;1;1;1;1;-1;-1;-1;-1;1;1;1;1;1;-1;-1;-1;-1;1;1;-1;-1;1;-1;-1;1;1;1;1;1;-1;-1;1;1;-1;1;1;-1;-1;-1;-1;1;1;1;1;-1;-1;-1;1;-1;1;1;1;-1;-1;1;-1;1;-1;1;1;-1;1;1;1;1;1;1;1;1;-1;1;-1;1;-1;1;-1;1;1;1;-1;-1;-1;1;-1;1;1;1;1;-1;-1;-1;-1;1;1;1;1;-1;1;-1;-1;1;1;1;-1;1;1;-1;1;-1;-1;-1;-1;1;1;1;-1;-1;-1;-1;-1;1;1;1;1;-1;-1;-1;1;1;1;1;1;-1;-1;-1;-1;-1;1;1;1;-1;1;1;-1;-481.0;1;058
58;1;1;1;1;-1;-1;-1;-1;1;1;1;1;-1;-1;-1;-1;1;1;1;1;-1;-1;-1;-1;-1;1;1;1;1;-1;1;1;1;1;1;1;-1;-1;-1;-1;1;1;1;1;-1;1;-1;-1;1;1;1;1;-1;-1;1;-1;1;1;1;1;-1;-1;-1;1;1;1;1;1;-1;1;1;-1;1;1;-1;1;-1;-1;-1;-1;1;1;1;1;-1;-1;-1;-1;-1;-1;1;-1;-1;1;1;-1;1;1;1;1;-1;-1;-1;-1;-1;1;1;1;1;1;1;-1;-1;-1;-1;-1;1;1;-1;1;1;1;1;1;-1;-1;-1;-1;-1;-1;-1;1;-1;-1;-1;1;-1;1;1;1;1;-1;1;-1;1;-1;1;-1;1;1;-1;-1;-1;-1;-1;-1;1;1;1;1;-1;-1;-1;-1;1;1;1;1;-1;1;1;-1;-1;1;1;-1;1;-1;-1;-1;-1;-1;1;1;1;1;1;1;-1;-1;1;-1;1;-1;-1;-1;1;-1;1;1;1;1;1;-1;-1;-1;-1;1;1;1;1;-1;1;1;-1;-1;-463.0;1;059
59;1;-1;1;-1;1;-1;1;-1;-1;1;1;-1;-1;-1;1;1;1;1;1;1;-1;-1;-1;-1;1;1;-1;1;-1;-1;-1;-1;1;1;1;1;-1;-1;-1;-1;1;1;1;1;-1;-1;-1;-1;-1;1;1;1;1;1;1;1;-1;-1;1;1;1;1;1;-1;-1;-1;-1;-1;1;1;1;1;1;1;1;1;-1;1;1;-1;1;1;1;-1;-1;-1;-1;1;-1;1;1;-1;1;1;-1;-1;1;1;1;1;-1;-1;-1;-1;1;1;1;-1;-1;-1;-1;-1;1;1;1;1;-1;-1;-1;-1;1;-1;1;1;-1;-1;1;-1;-1;1;1;1;1;1;1;1;-1;-1;1;1;-1;1;1;-1;1;-1;-1;-1;1;1;1;1;-1;-1;-1;-1;1;1;1;1;1;-1;-1;-1;1;1;1;1;-1;-1;-1;-1;1;1;-1;1;-1;1;-1;-1;1;1;1;1;1;-1;-1;-1;1;-1;1;1;1;1;1;-1;-1;-1;-1;-1;1;1;1;1;1;-1;-1;-1;1;1;-1;1;-1;1;-1;-1;-458.0;1;060
60;1;-1;-1;-1;1;-1;1;-1;1;1;1;-1;-1;1;-1;-1;-1;-1;-1;1;-1;1;1;-1;-1;-1;-1;1;-1;1;1;1;-1;-1;1;-1;1;-1;1;1;-1;-1;-1;1;1;1;1;1;-1;-1;-1;-1;1;1;1;1;-1;-1;-1;-1;1;1;1;1;-1;-1;-1;-1;1;1;1;1;1;1;-1;1;1;-1;1;-1;1;1;-1;1;-1;-1;-1;-1;1;1;1;1;-1;-1;1;-1;-1;1;1;-1;1;1;1;1;-1;-1;-1;1;1;1;1;1;1;1;1;-1;-1;-1;-1;1;-1;1;-1;-1;1;1;1;1;1;-1;1;1;-1;-1;1;-1;1;1;1;-1;-1;1;1;-1;1;1;1;1;-1;-1;-1;-1;1;1;1;1;-1;-1;-1;-1;-1;1;1;-1;-1;1;1;-1;1;1;1;1;-1;-1;-1;1;1;1;-1;1;-1;1;1;-1;1;1;1;1;-1;-1;-1;-1;1;1;1;1;-1;1;-1;-1;1;1;1;1;-1;-1;-1;-1;-1;1;1;1;-1;1;-1;1;-473.0;1;061
61;-1;1;-1;-1;1;1;1;-1;-1;-1;-1;-1;1;1;1;-1;-1;-1;-1;-1;1;1;1;1;-1;-1;-1;-1;1;1;1;1;-1;1;-1;-1;1;1;1;1;-1;-1;-1;-1;1;1;1;1;-1;1;-1;-1;1;1;1;1;-1;-1;-1;-1;1;1;1;1;-1;-1;-1;-1;1;1;1;1;1;-1;1;-1;1;1;1;-1;-1;1;-1;-1;1;-1;1;1;1;-1;1;1;-1;-1;1;1;-1;-1;-1;-1;1;1;1;1;-1;-1;-1;-1;1;1;1;1;-1;1;1;-1;-1;1;1;1;-1;-1;-1;-1;1;1;1;1;-1;-1;-1;-1;1;1;1;1;-1;1;1;1;1;-1;-1;1;1;1;1;1;-1;-1;-1;-1;1;1;-1;1;-1;-1;-1;1;1;1;1;-1;-1;1;-1;-1;1;1;1;1;1;-1;1;1;1;1;1;1;-1;-1;-1;-1;1;1;-1;1;-1;1;-1;-1;1;1;1;1;-1;-1;1;1;1;1;1;1;-1;-1;-1;-1;1;-1;-1;1;1;-1;-1;-1;-472.0;1;062
62;1;1;1;1;-1;-1;-1;1;1;1;1;1;-1;-1;-1;-1;1;-1;-1;-1;1;1;1;-1;-1;1;1;1;-1;1;-1;-1;-1;-1;-1;-1;1;1;1;1;1;1;-1;-1;-1;-1;-1;-1;-1;1;-1;1;1;-1;1;1;1;1;1;1;-1;1;-1;-1;-1;-1;1;1;1;1;1;-1;-1;1;-1;1;-1;1;-1;-1;-1;-1;-1;1;1;1;1;1;-1;1;-1;1;-1;1;1;1;-1;-1;-1;-1;1;1;1;1;-1;1;-1;-1;1;-1;1;1;-1;-1;1;1;1;-1;-1;-1;1;1;1;1;-1;-1;-1;-1;-1;1;1;-1;1;1;-1;-1;-1;-1;-1;-1;1;1;1;1;-1;1;1;-1;-1;1;1;1;1;1;1;1;-1;-1;1;-1;1;1;1;1;-1;-1;-1;-1;1;1;1;1;-1;-1;1;-1;1;1;1;1;-1;-1;1;-1;1;1;1;1;1;-1;1;-1;-1;1;-1;-1;1;1;1;1;-1;-1;-1;-1;1;1;1;1;-1;-1;-1;1;1;1;1;-1;-457.0;1;063
63;1;1;1;1;-1;-1;1;-1;1;1;1;1;-1;-1;-1;-1;1;1;1;1;-1;-1;-1;-1;1;-1;1;1;-1;-1;-1;1;1;1;1;1;-1;-1;-1;-1;1;1;1;1;-1;-1;-1;-1;1;1;1;1;1;1;1;-1;-1;1;1;1;-1;-1;1;-1;1;1;1;1;-1;-1;-1;1;1;1;-1;1;-1;1;-1;-1;-1;1;1;-1;-1;-1;-1;-1;1;1;1;1;-1;-1;-1;-1;1;1;1;1;-1;-1;-1;-1;1;1;1;1;-1;-1;-1;-1;-1;1;1;1;1;1;1;-1;1;1;1;1;-1;-1;-1;1;1;-1;-1;1;1;-1;-1;-1;-1;-1;-1;-1;1;1;1;1;1;1;1;-1;-1;1;-1;1;1;1;1;1;-1;-1;-1;1;1;1;1;1;-1;1;-1;-1;1;1;1;1;-1;-1;-1;-1;1;1;1;1;-1;1;1;-1;1;-1;1;-1;1;-1;1;1;-1;-1;-1;-1;1;1;1;1;-1;1;-1;-1;1;1;1;1;1;1;1;1;-1;1;-1;-1;-478.0;1;064
64;1;1;1;-1;-1;1;-1;1;1;1;1;1;-1;-1;-1;-1;1;1;1;1;1;-1;-1;-1;1;1;1;1;-1;-1;-1;-1;1;1;1;1;1;-1;-1;-1;-1;1;1;1;-1;-1;1;-1;1;1;-1;1;-1;1;-1;1;1;1;1;1;-1;-1;-1;-1;1;1;1;1;-1;-1;-1;-1;1;1;1;1;-1;-1;-1;-1;-1;1;1;1;1;-1;-1;-1;-1;-1;-1;-1;1;1;1;-1;1;-1;1;1;1;-1;-1;-1;-1;-1;-1;1;1;1;1;1;-1;-1;-1;-1;1;1;1;1;1;1;1;-1;-1;1;1;-1;1;1;1;-1;-1;-1;-1;-1;1;-1;1;1;-1;1;-1;-1;-1;1;-1;1;1;1;-1;1;-1;1;1;-1;-1;1;1;-1;1;1;-1;1;1;1;-1;1;-1;-1;-1;1;1;1;1;1;-1;-1;-1;-1;1;-1;1;1;1;1;1;1;-1;-1;-1;-1;-1;-1;-1;1;1;1;1;-1;-1;-1;1;1;1;1;1;-1;-1;-1;-1;1;1;1;1;1;-464.0;1;065
65;1;1;1;1;-1;1;-1;-1;-1;1;1;-1;1;1;1;1;1;-1;-1;-1;-1;1;1;1;1;-1;-1;-1;1;1;-1;1;-1;-1;-1;-1;1;-1;1;1;1;1;-1;1;-1;1;-1;-1;1;1;-1;-1;1;-1;1;1;1;-1;-1;1;-1;-1;-1;1;1;-1;1;1;-1;1;1;1;-1;-1;-1;-1;1;1;1;1;1;-1;-1;1;1;-1;1;1;1;1;1;1;1;-1;-1;1;-1;-1;-1;1;-1;1;1;1;1;1;1;1;-1;1;-1;-1;1;1;1;1;-1;-1;-1;-1;1;-1;1;1;-1;-1;-1;-1;1;1;1;1;1;1;-1;1;-1;-1;1;-1;-1;1;1;1;1;1;1;1;-1;1;-1;-1;1;1;-1;1;-1;-1;-1;-1;1;1;-1;1;-1;-1;-1;-1;1;1;1;1;-1;-1;-1;-1;1;1;1;1;-1;-1;-1;-1;1;1;1;1;-1;-1;-1;-1;1;1;1;1;-1;-1;-1;-1;1;1;1;1;-1;-1;-1;1;1;1;1;1;-1;1;-1;-1;-476.0;1;066
66;-1;1;1;1;-1;1;-1;-1;-1;-1;-1;-1;-1;1;1;1;1;1;-1;1;1;-1;1;1;-1;1;-1;-1;1;-1;1;1;1;1;1;-1;-1;-1;-1;1;1;1;1;1;-1;1;-1;-1;1;1;1;1;-1;-1;-1;-1;-1;1;1;1;1;1;1;-1;-1;-1;-1;-1;1;1;1;1;1;1;-1;-1;1;-1;1;1;1;1;1;1;-1;-1;-1;-1;1;1;1;1;-1;-1;-1;-1;-1;1;1;-1;-1;1;-1;-1;-1;-1;1;1;1;1;-1;1;-1;-1;-1;-1;1;1;1;1;-1;-1;-1;-1;1;1;1;1;-1;1;-1;-1;1;1;1;1;-1;-1;1;-1;1;-1;1;-1;1;1;1;1;-1;-1;-1;-1;1;1;1;-1;-1;-1;-1;-1;1;1;1;1;-1;1;-1;-1;1;-1;1;1;1;1;1;-1;-1;-1;-1;-1;1;1;1;1;-1;-1;-1;-1;1;-1;1;1;-1;-1;-1;-1;1;1;1;1;1;-1;-1;1;1;1;1;1;-1;1;-1;1;-1;-1;1;1;-475.0;1;067
67;1;1;1;-1;-1;1;-1;1;-1;1;-1;1;-1;1;1;-1;1;1;1;1;-1;1;-1;-1;-1;-1;-1;1;1;1;1;-1;-1;-1;-1;-1;1;1;1;1;-1;-1;1;-1;1;1;1;1;-1;-1;-1;-1;1;1;1;1;-1;-1;1;-1;1;1;1;1;-1;-1;-1;-1;-1;1;1;1;1;1;1;1;-1;-1;-1;1;1;1;1;1;1;-1;-1;-1;-1;-1;-1;-1;1;1;1;-1;1;-1;-1;1;-1;1;1;-1;1;1;-1;-1;-1;1;1;1;1;1;-1;1;-1;-1;-1;1;-1;1;-1;-1;1;1;1;1;-1;-1;1;1;-1;-1;1;1;1;1;1;1;1;1;1;-1;-1;-1;-1;-1;1;1;-1;1;-1;-1;-1;-1;1;1;1;1;-1;-1;-1;1;1;1;1;1;-1;-1;-1;-1;1;1;1;1;-1;-1;-1;-1;1;1;1;1;1;-1;1;-1;1;1;1;-1;1;1;1;1;-1;-1;-1;-1;1;-1;1;1;-1;-1;-1;-1;1;-1;-1;-1;1;-1;-1;1;-451.0;1;068
68;-1;1;1;-1;1;1;-1;1;1;-1;1;-1;1;1;-1;1;-1;-1;-1;-1;1;1;1;1;-1;-1;-1;-1;1;1;1;1;-1;-1;-1;-1;1;1;1;1;-1;-1;-1;1;1;1;1;1;-1;-1;-1;-1;1;1;-1;1;-1;-1;-1;-1;1;1;1;1;-1;-1;-1;-1;1;1;1;1;-1;-1;-1;1;1;1;1;1;-1;-1;1;-1;1;1;1;1;-1;-1;-1;-1;1;1;1;1;-1;-1;-1;-1;1;1;1;-1;-1;-1;-1;-1;1;1;1;1;1;1;-1;-1;-1;-1;1;1;-1;-1;-1;-1;1;1;1;1;1;1;-1;-1;1;-1;1;1;1;1;1;1;1;-1;-1;-1;1;1;1;-1;-1;-1;1;-1;1;1;1;1;-1;-1;1;1;-1;1;1;-1;1;-1;1;1;-1;-1;-1;-1;1;1;1;1;-1;-1;-1;-1;1;1;1;1;-1;1;-1;1;1;-1;1;-1;1;1;1;1;-1;-1;-1;-1;-1;1;1;1;1;-1;-1;-1;-1;-1;1;-1;1;1;1;1;-486.0;1;069
69;-1;-1;1;-1;1;1;1;-1;-1;-1;-1;-1;1;1;1;1;-1;-1;-1;-1;1;1;1;1;-1;-1;-1;-1;1;1;1;1;1;-1;-1;-1;1;1;1;1;-1;1;-1;1;-1;-1;-1;-1;1;1;1;-1;-1;-1;-1;-1;1;1;1;1;-1;-1;-1;-1;1;1;1;1;-1;-1;1;-1;-1;-1;-1;1;1;-1;1;1;1;-1;1;1;-1;1;1;-1;1;1;1;-1;1;-1;-1;1;1;-1;-1;-1;1;1;1;1;1;1;1;-1;-1;-1;-1;1;1;1;1;1;-1;-1;-1;-1;1;1;1;1;-1;-1;-1;-1;-1;-1;1;1;1;1;-1;-1;-1;1;-1;1;1;1;1;1;1;1;-1;1;1;-1;1;-1;1;1;1;-1;-1;-1;1;-1;1;1;1;1;-1;-1;-1;-1;1;-1;1;1;-1;1;-1;-1;-1;-1;1;1;1;1;1;-1;1;-1;-1;-1;1;1;1;-1;-1;1;1;1;-1;1;-1;1;1;1;1;1;-1;1;1;-1;1;1;1;1;1;-1;-1;-1;-457.0;1;070
70;-1;1;1;-1;-1;1;1;-1;-1;-1;1;1;1;1;-1;1;-1;-1;-1;-1;1;1;1;1;-1;-1;-1;-1;1;-1;1;1;-1;-1;-1;-1;1;1;1;1;-1;-1;-1;-1;-1;1;1;1;-1;-1;-1;1;-1;1;1;-1;-1;1;-1;1;1;1;1;-1;-1;-1;-1;-1;-1;1;1;-1;-1;-1;-1;-1;1;1;1;-1;-1;1;-1;1;-1;-1;1;1;1;1;1;1;-1;1;-1;1;-1;-1;1;-1;1;1;1;1;-1;1;-1;-1;1;-1;1;1;1;-1;1;-1;-1;-1;1;-1;-1;-1;1;-1;-1;-1;1;1;1;-1;1;1;-1;1;1;1;1;1;1;1;1;1;1;-1;1;1;1;1;-1;-1;-1;1;1;1;1;1;-1;1;-1;-1;1;-1;1;-1;1;-1;1;-1;1;1;-1;1;-1;1;1;-1;1;-1;1;1;1;-1;-1;-1;-1;1;1;1;-1;-1;-1;-1;1;1;1;1;1;-1;-1;1;1;1;1;1;-1;-1;-1;-1;1;1;-1;1;-1;1;-1;-1;-462.0;1;071
71;-1;-1;1;1;1;-1;-1;1;-1;-1;-1;1;1;1;1;1;-1;-1;-1;-1;1;-1;1;1;-1;-1;-1;-1;1;1;1;1;-1;-1;-1;-1;1;1;1;1;-1;-1;-1;-1;1;-1;1;1;1;-1;-1;-1;1;1;1;1;-1;-1;-1;-1;1;1;1;1;1;1;-1;1;-1;1;1;1;-1;-1;-1;-1;1;1;1;1;-1;-1;-1;-1;1;1;1;1;-1;1;-1;1;1;-1;1;1;-1;-1;-1;1;1;1;1;1;1;-1;-1;-1;1;1;1;1;1;1;1;1;-1;-1;-1;-1;1;1;-1;1;1;-1;1;1;1;1;1;1;-1;-1;-1;-1;1;1;1;1;1;-1;1;-1;1;-1;1;1;1;-1;1;1;1;1;1;1;-1;-1;-1;-1;1;1;1;1;-1;-1;-1;-1;1;1;-1;1;1;1;1;-1;-1;-1;1;1;-1;-1;-1;-1;-1;-1;-1;1;1;1;1;1;-1;1;1;1;-1;-1;-1;-1;1;1;1;1;-1;-1;-1;-1;1;-1;1;1;-1;-1;-1;-1;-465.0;1;072
72;1;1;1;1;-1;-1;-1;-1;1;1;1;1;-1;-1;-1;-1;1;1;1;1;-1;-1;-1;-1;-1;-1;1;1;1;1;1;-1;-1;-1;-1;1;1;1;1;-1;-1;-1;-1;-1;1;1;1;1;-1;-1;-1;-1;1;1;1;1;-1;-1;-1;-1;1;1;1;1;-1;1;1;-1;1;-1;-1;1;-1;-1;1;-1;-1;1;-1;1;-1;-1;-1;-1;1;1;1;-1;-1;-1;-1;-1;1;1;1;1;1;-1;-1;1;1;-1;1;1;-1;-1;1;-1;1;1;1;1;-1;-1;-1;-1;1;1;1;1;-1;-1;-1;-1;1;1;1;1;-1;-1;-1;-1;1;1;1;1;-1;-1;-1;-1;1;1;1;1;1;-1;-1;1;1;1;1;1;-1;-1;-1;-1;1;1;1;1;-1;1;-1;-1;1;1;1;1;-1;-1;-1;-1;1;1;-1;1;-1;1;-1;1;-1;1;-1;1;1;1;1;1;1;1;1;-1;-1;-1;1;-1;1;1;1;1;-1;1;-1;1;1;1;1;1;1;1;1;1;-1;-1;1;-1;-485.0;1;073
73;-1;1;-1;1;1;-1;-1;1;1;-1;1;1;-1;1;1;-1;1;1;-1;1;1;-1;1;1;-1;-1;-1;-1;1;1;1;1;1;1;-1;1;-1;-1;-1;1;1;1;1;1;-1;-1;-1;-1;1;1;1;1;-1;-1;-1;-1;-1;1;1;1;-1;-1;1;-1;1;-1;1;1;1;1;-1;1;1;1;1;-1;1;-1;1;-1;1;1;1;1;-1;-1;-1;-1;-1;-1;1;1;1;-1;-1;-1;1;1;1;1;-1;1;-1;1;1;1;1;1;-1;-1;-1;-1;1;1;1;1;-1;-1;-1;-1;1;1;1;1;-1;-1;-1;-1;1;1;1;1;-1;-1;1;-1;1;1;1;1;-1;-1;-1;-1;1;1;1;1;-1;-1;-1;-1;1;-1;1;1;-1;-1;1;-1;1;1;1;-1;-1;-1;1;-1;1;1;-1;1;-1;1;-1;1;1;-1;1;1;-1;-1;-1;-1;1;1;-1;1;1;-1;-1;1;1;1;1;1;-1;-1;-1;-1;1;1;1;-1;-1;1;-1;-1;-1;-1;1;-1;-1;1;1;-1;-468.0;1;074
74;1;1;1;1;-1;-1;-1;-1;-1;1;1;1;-1;1;1;1;-1;-1;1;-1;1;1;1;1;1;-1;-1;1;1;1;1;1;1;-1;-1;-1;1;-1;1;1;1;1;1;1;-1;-1;-1;-1;1;-1;1;1;-1;1;1;-1;1;1;1;1;-1;-1;-1;1;1;1;1;1;-1;-1;-1;-1;-1;-1;-1;-1;1;1;1;1;1;-1;-1;-1;1;1;1;1;1;1;-1;1;-1;-1;1;-1;-1;-1;-1;-1;1;1;1;1;-1;-1;-1;-1;1;1;-1;1;-1;-1;-1;-1;1;1;1;1;1;1;1;1;-1;-1;-1;-1;1;1;1;1;1;-1;-1;-1;-1;1;-1;1;-1;-1;1;-1;1;1;1;1;-1;-1;1;1;1;1;1;1;-1;-1;-1;-1;1;1;1;1;-1;-1;-1;-1;1;1;1;1;-1;-1;1;1;1;-1;1;1;-1;1;-1;1;-1;1;1;-1;-1;1;1;1;-1;-1;-1;1;1;1;1;-1;-1;-1;-1;-1;1;1;1;1;-1;-1;1;-1;-1;1;1;1;-474.0;1;075
75;1;1;1;-1;-1;-1;1;1;1;1;1;1;-1;-1;-1;1;1;1;-1;1;-1;-1;-1;-1;1;1;1;1;-1;1;-1;-1;1;1;1;1;-1;-1;1;-1;1;1;1;1;1;1;-1;-1;1;-1;-1;1;-1;-1;-1;1;1;1;1;-1;-1;1;-1;1;1;-1;-1;1;-1;-1;1;-1;1;1;1;1;-1;1;-1;-1;1;1;-1;1;-1;-1;-1;-1;1;1;1;1;-1;-1;-1;-1;1;1;1;1;-1;-1;-1;-1;1;1;1;1;-1;-1;1;-1;1;1;1;1;-1;-1;1;-1;-1;-1;1;-1;1;1;1;-1;-1;-1;-1;-1;1;1;1;1;-1;-1;-1;-1;1;1;1;1;1;1;1;-1;-1;-1;1;-1;1;1;1;1;-1;-1;-1;-1;1;1;-1;1;-1;1;-1;-1;1;1;1;1;-1;-1;-1;-1;1;1;1;1;1;-1;-1;-1;1;1;1;1;-1;-1;-1;-1;1;1;1;-1;-1;-1;1;1;1;1;1;1;-1;-1;1;1;1;1;1;1;-1;1;1;-1;-469.0;1;076
76;1;1;1;-1;1;-1;1;1;-1;1;1;1;1;-1;-1;-1;1;1;1;1;1;-1;1;1;1;-1;1;-1;-1;1;-1;1;1;1;-1;1;-1;-1;-1;-1;1;1;1;1;-1;-1;-1;-1;1;-1;1;1;-1;1;1;-1;-1;-1;1;1;1;1;1;1;-1;1;-1;1;1;-1;1;1;1;-1;-1;1;-1;1;1;-1;1;1;1;1;-1;1;-1;-1;1;1;1;1;-1;-1;-1;-1;-1;1;1;1;-1;-1;-1;-1;1;1;1;1;-1;-1;-1;-1;1;-1;1;1;-1;-1;-1;-1;1;1;1;1;-1;-1;-1;-1;1;1;1;-1;-1;1;1;1;1;-1;1;-1;1;1;-1;1;1;1;-1;-1;-1;1;1;-1;1;1;1;1;-1;-1;-1;-1;1;1;1;1;-1;-1;-1;-1;1;1;1;1;-1;-1;-1;-1;1;1;1;1;-1;-1;-1;-1;1;1;1;1;-1;1;-1;-1;1;1;1;1;-1;-1;-1;-1;1;1;1;1;-1;-1;-1;-1;1;1;1;1;1;1;-1;1;-480.0;1;077
77;-1;-1;1;1;-1;1;1;1;1;1;1;-1;1;1;1;1;-1;-1;-1;-1;-1;1;1;1;-1;-1;-1;-1;1;1;1;1;1;1;1;-1;-1;-1;-1;-1;1;1;1;1;-1;-1;-1;-1;1;-1;1;1;1;-1;-1;1;-1;1;1;1;1;1;1;1;-1;-1;1;-1;-1;1;1;1;1;1;1;1;-1;1;1;-1;1;-1;-1;1;-1;-1;1;-1;1;1;1;1;-1;-1;-1;1;1;1;-1;1;-1;1;1;-1;-1;-1;-1;1;-1;-1;-1;-1;-1;-1;1;1;1;1;-1;1;1;1;1;1;1;-1;-1;-1;-1;-1;-1;-1;1;-1;1;1;1;-1;-1;-1;1;1;1;1;1;1;-1;-1;-1;1;1;1;1;1;1;1;-1;-1;-1;-1;1;1;1;1;-1;-1;-1;-1;1;1;1;1;-1;-1;-1;-1;1;1;1;1;-1;-1;1;-1;1;1;1;-1;1;-1;1;1;-1;-1;-1;-1;1;1;1;1;1;-1;-1;-1;1;1;1;1;-1;1;1;-1;-1;1;1;1;-457.0;1;078
78;1;1;1;1;-1;-1;-1;1;1;1;1;1;-1;-1;-1;1;1;1;1;1;-1;-1;-1;1;-1;-1;1;1;-1;1;1;-1;1;1;1;1;-1;-1;1;-1;1;1;1;1;-1;-1;-1;-1;1;-1;1;-1;1;-1;1;1;1;1;1;1;-1;1;-1;-1;1;1;1;1;-1;-1;-1;-1;1;1;1;-1;-1;-1;-1;-1;1;1;-1;1;1;-1;-1;-1;1;1;-1;1;-1;-1;-1;1;1;1;1;1;1;-1;-1;-1;1;1;1;-1;-1;-1;-1;1;-1;1;1;1;1;-1;-1;-1;1;1;1;1;1;-1;-1;-1;-1;-1;-1;1;1;1;-1;-1;-1;-1;-1;-1;-1;1;1;1;-1;-1;-1;1;1;1;1;1;-1;-1;1;-1;1;1;1;1;1;-1;1;1;1;1;-1;-1;1;1;-1;1;-1;-1;-1;-1;1;1;1;-1;-1;-1;1;-1;1;1;1;1;-1;-1;-1;1;-1;-1;1;-1;1;1;1;1;-1;-1;1;-1;1;1;1;1;-1;-1;-1;-1;1;1;1;1;-468.0;1;079
79;-1;-1;-1;1;-1;1;1;1;-1;-1;1;-1;-1;1;1;1;-1;-1;-1;-1;1;1;1;1;-1;1;1;1;1;1;1;-1;1;-1;-1;-1;1;1;-1;1;-1;1;1;-1;-1;-1;1;-1;-1;1;1;-1;1;-1;1;1;1;1;1;1;-1;-1;-1;1;-1;1;1;1;-1;1;1;-1;-1;-1;1;-1;1;1;1;1;-1;-1;-1;-1;1;1;1;1;-1;1;-1;-1;1;1;1;1;-1;1;-1;-1;1;1;-1;1;-1;-1;-1;1;1;-1;1;1;-1;-1;-1;1;1;1;1;-1;1;1;-1;1;-1;-1;-1;-1;1;1;1;1;-1;-1;-1;-1;1;1;1;1;-1;-1;1;-1;-1;-1;-1;-1;1;1;1;1;-1;1;1;1;1;1;1;1;-1;-1;-1;-1;1;1;1;1;-1;-1;-1;-1;1;1;1;1;-1;-1;-1;-1;1;1;1;1;1;1;-1;-1;1;1;1;1;-1;1;1;-1;1;-1;-1;1;1;1;-1;-1;-1;1;-1;-1;1;1;1;1;-1;-1;-1;-1;-472.0;1;080
80;1;1;-1;1;-1;-1;-1;1;1;1;-1;1;-1;-1;-1;-1;1;1;1;1;-1;-1;-1;1;-1;1;1;1;1;1;-1;1;-1;-1;1;-1;1;1;1;1;1;-1;-1;-1;1;-1;1;-1;-1;1;-1;-1;1;1;1;-1;-1;-1;1;-1;1;1;1;1;-1;-1;-1;-1;1;1;1;1;-1;1;1;1;-1;-1;1;-1;1;1;1;-1;-1;1;-1;1;1;-1;-1;-1;1;1;1;1;-1;-1;1;-1;1;1;1;-1;-1;-1;-1;-1;1;1;1;1;-1;-1;-1;-1;1;1;1;1;-1;1;-1;-1;1;1;1;1;-1;1;-1;-1;1;1;1;1;1;1;-1;-1;-1;-1;1;1;1;-1;-1;-1;1;-1;1;1;-1;1;1;-1;-1;1;1;1;1;1;1;-1;1;-1;1;-1;-1;1;-1;-1;-1;1;1;1;1;1;-1;-1;1;1;1;1;1;1;1;1;-1;-1;-1;-1;1;-1;1;-1;1;1;1;-1;-1;1;1;1;-1;-1;-1;-1;-1;1;-1;1;-1;1;1;1;-471.0;1;081
81;1;1;-1;1;-1;-1;1;-1;1;1;1;1;-1;-1;-1;-1;1;1;1;1;-1;-1;-1;-1;1;-1;1;1;-1;1;-1;-1;1;-1;-1;-1;1;1;1;1;-1;-1;-1;1;1;1;1;1;1;-1;-1;-1;1;-1;1;1;-1;-1;-1;-1;-1;1;1;1;-1;-1;-1;-1;1;1;1;1;-1;1;1;-1;-1;1;-1;-1;1;-1;1;1;1;-1;-1;-1;1;-1;1;-1;1;-1;1;-1;1;-1;1;1;1;-1;1;1;-1;1;1;-1;1;1;1;-1;-1;1;-1;-1;-1;1;-1;1;-1;1;-1;-1;1;-1;1;1;1;-1;-1;1;1;-1;1;1;1;-1;1;-1;1;1;1;1;-1;1;-1;1;-1;-1;-1;-1;1;-1;1;1;1;1;1;1;-1;-1;-1;-1;1;1;1;1;-1;1;-1;-1;1;1;1;1;1;-1;-1;-1;-1;1;1;1;1;1;1;1;1;-1;-1;-1;1;1;-1;-1;-1;-1;-1;1;1;1;1;1;1;-1;-1;1;1;1;-1;1;1;1;-1;-1;-458.0;1;082
82;1;1;1;1;-1;-1;1;-1;1;1;1;1;-1;-1;-1;-1;1;1;1;1;-1;-1;-1;-1;1;1;1;1;-1;-1;-1;1;-1;1;1;1;1;-1;1;-1;-1;-1;-1;1;-1;1;1;1;-1;-1;-1;-1;1;1;1;1;-1;-1;-1;-1;1;1;1;1;-1;1;-1;-1;1;1;1;1;-1;-1;-1;1;-1;1;1;-1;-1;-1;-1;-1;1;1;1;1;-1;-1;-1;-1;1;1;1;1;1;1;-1;-1;-1;-1;-1;1;1;1;-1;1;1;-1;-1;-1;1;1;-1;1;-1;-1;1;-1;1;-1;-1;1;-1;1;1;1;1;1;1;1;-1;-1;1;-1;1;1;1;1;-1;1;-1;1;-1;-1;1;-1;1;1;1;1;-1;-1;-1;1;1;1;1;1;-1;1;1;-1;1;1;1;-1;1;-1;-1;1;1;-1;1;1;1;1;1;1;-1;-1;-1;-1;-1;1;1;1;1;-1;-1;-1;1;1;1;1;-1;-1;-1;-1;1;-1;1;1;1;-1;-1;-1;-1;-1;-1;-1;1;1;1;1;-466.0;1;083
83;1;1;1;1;-1;-1;-1;-1;1;1;1;1;-1;1;-1;-1;1;1;1;1;-1;-1;-1;-1;1;1;1;1;-1;-1;1;-1;1;1;1;1;1;-1;-1;-1;-1;-1;-1;-1;1;1;1;1;-1;1;1;-1;1;1;1;1;-1;-1;-1;-1;1;1;1;1;1;-1;1;-1;-1;1;1;1;1;1;-1;1;-1;1;-1;-1;-1;-1;-1;-1;1;-1;1;-1;-1;-1;-1;1;1;1;1;1;-1;-1;1;-1;1;1;-1;1;-1;1;-1;-1;-1;1;1;1;1;1;1;1;-1;-1;-1;-1;-1;1;-1;-1;1;1;1;1;1;-1;1;1;1;-1;-1;1;-1;-1;-1;1;1;1;1;-1;-1;-1;1;-1;1;1;1;1;-1;-1;1;-1;1;1;1;1;-1;1;-1;-1;1;1;1;1;-1;1;-1;-1;-1;-1;1;1;1;1;1;-1;-1;1;-1;-1;1;1;-1;1;-1;-1;-1;-1;1;1;1;1;-1;-1;-1;-1;1;1;1;1;-1;-1;1;1;1;-1;1;-1;1;-1;-1;-1;-474.0;1;084
84;-1;-1;-1;1;1;-1;1;1;-1;-1;-1;1;1;1;1;1;-1;-1;-1;-1;1;1;1;1;-1;-1;-1;-1;1;1;1;1;-1;1;-1;-1;1;1;1;1;1;-1;-1;-1;1;1;-1;1;-1;-1;-1;-1;1;1;1;1;-1;-1;-1;-1;1;1;1;1;-1;1;-1;1;-1;1;1;1;1;-1;-1;-1;1;1;1;1;-1;-1;-1;-1;1;1;1;1;1;1;-1;-1;1;1;-1;1;1;1;-1;-1;1;1;1;1;1;-1;-1;-1;-1;1;1;-1;1;1;1;1;-1;-1;1;-1;-1;-1;1;1;-1;-1;1;1;1;-1;1;1;1;-1;1;-1;1;1;1;1;1;1;-1;1;1;1;1;1;-1;-1;-1;1;1;1;1;1;-1;1;1;-1;-1;1;1;1;1;-1;-1;-1;1;1;1;1;-1;-1;-1;1;1;1;1;-1;-1;-1;-1;-1;1;1;-1;1;-1;-1;1;1;1;1;1;1;-1;-1;-1;-1;1;1;1;1;-1;-1;-1;-1;1;1;1;1;-1;-1;-1;-1;-470.0;1;085
85;1;-1;1;-1;1;-1;1;1;1;1;1;-1;-1;1;1;-1;1;-1;1;1;1;1;-1;-1;1;1;1;1;1;-1;-1;1;-1;-1;1;1;1;1;1;-1;-1;-1;-1;-1;-1;1;1;1;-1;-1;-1;-1;1;1;1;-1;-1;-1;-1;-1;1;1;1;1;-1;1;-1;-1;1;1;1;-1;1;1;-1;1;-1;-1;-1;-1;-1;1;1;1;-1;1;-1;-1;-1;1;1;1;-1;1;-1;1;-1;-1;-1;-1;1;1;-1;1;1;-1;-1;-1;1;1;1;1;1;-1;1;1;1;-1;1;-1;1;-1;1;-1;1;1;1;1;-1;-1;-1;-1;1;1;-1;1;-1;-1;-1;-1;1;1;-1;1;1;1;1;1;-1;1;-1;-1;1;1;1;-1;-1;-1;-1;1;1;1;1;1;-1;-1;-1;-1;1;1;1;1;-1;-1;1;1;-1;1;1;1;-1;1;1;-1;1;1;-1;-1;1;1;1;1;-1;-1;1;-1;1;1;-1;1;1;1;-1;1;-1;-1;1;-1;1;1;1;1;-1;-1;1;-1;-474.0;1;086
86;1;1;-1;1;1;-1;1;1;1;1;1;1;-1;-1;-1;-1;1;1;1;1;-1;-1;-1;-1;1;1;1;1;1;-1;-1;-1;-1;1;1;1;1;-1;1;-1;-1;1;-1;-1;1;1;1;1;-1;-1;-1;-1;1;1;1;1;-1;1;1;-1;1;-1;-1;1;1;-1;-1;1;1;1;1;-1;1;1;1;1;-1;-1;-1;-1;1;1;1;1;-1;-1;-1;-1;1;1;1;1;-1;-1;-1;-1;1;1;1;-1;1;1;-1;1;-1;1;-1;1;-1;1;1;1;1;-1;1;1;-1;1;1;1;-1;-1;-1;1;1;-1;1;1;1;-1;-1;-1;1;1;1;-1;-1;-1;-1;-1;1;1;-1;1;1;1;1;1;-1;-1;1;-1;1;1;1;1;-1;-1;-1;-1;1;1;1;1;-1;-1;-1;-1;1;1;1;1;1;-1;-1;-1;1;-1;1;1;-1;1;-1;-1;1;1;1;-1;1;-1;-1;-1;1;1;1;1;-1;-1;1;1;1;1;1;1;-1;-1;-1;1;1;1;1;1;-1;-1;-1;-1;-470.0;1;087
87;1;1;1;-1;-1;-1;-1;-1;1;1;1;1;-1;-1;-1;-1;1;1;1;1;-1;-1;-1;-1;1;1;1;1;-1;-1;-1;1;-1;1;1;1;-1;1;-1;1;-1;-1;1;-1;1;1;1;1;-1;1;1;-1;1;1;1;-1;-1;-1;-1;-1;1;1;1;1;1;-1;-1;-1;1;1;1;-1;1;1;1;1;-1;-1;-1;-1;1;1;1;-1;-1;-1;-1;-1;1;1;1;1;-1;1;-1;-1;1;1;1;1;-1;-1;-1;1;1;1;1;1;-1;-1;-1;-1;1;1;1;1;-1;-1;1;-1;-1;-1;-1;1;1;1;1;1;1;-1;1;-1;1;1;1;1;1;1;1;1;-1;-1;-1;-1;1;1;1;1;-1;-1;-1;-1;-1;1;1;1;1;1;-1;-1;-1;-1;-1;1;1;-1;1;1;1;1;1;-1;-1;-1;-1;-1;1;-1;1;-1;1;-1;1;-1;1;-1;1;1;-1;1;-1;1;1;1;1;1;-1;-1;1;-1;1;-1;1;1;-1;-1;-1;-1;1;1;1;1;-1;-1;-1;-1;-482.0;1;088
88;-1;1;-1;1;1;-1;-1;1;-1;1;1;1;-1;-1;-1;1;1;1;1;1;1;-1;-1;-1;-1;-1;1;1;-1;1;1;-1;-1;-1;-1;1;1;1;1;1;-1;-1;-1;-1;1;1;1;1;1;1;1;-1;1;-1;-1;1;-1;1;1;-1;1;-1;-1;-1;1;1;1;-1;-1;-1;-1;-1;1;1;1;-1;-1;1;-1;-1;1;1;1;1;-1;-1;-1;-1;1;1;1;1;-1;-1;-1;-1;1;1;1;1;1;-1;1;-1;-1;-1;1;1;-1;1;1;1;1;1;-1;-1;-1;1;1;1;-1;-1;-1;-1;1;1;1;1;-1;-1;-1;-1;1;1;1;1;-1;-1;-1;-1;1;1;1;1;1;1;1;1;-1;-1;1;-1;1;1;1;1;1;-1;-1;-1;-1;1;1;1;-1;-1;-1;-1;1;1;-1;1;-1;1;1;-1;1;1;1;1;-1;1;-1;-1;-1;1;1;-1;1;1;-1;-1;1;1;1;1;1;-1;-1;1;-1;1;1;1;-1;-1;-1;1;1;1;1;1;-1;-1;-1;1;-461.0;1;089
89;-1;1;1;1;-1;1;1;-1;1;1;1;1;-1;-1;-1;-1;-1;1;1;1;-1;-1;-1;1;-1;-1;1;1;1;-1;-1;1;-1;-1;1;1;1;1;1;-1;1;1;-1;-1;1;1;1;1;-1;1;-1;1;1;1;1;-1;-1;-1;1;-1;1;1;1;1;-1;-1;1;-1;1;1;1;1;1;1;1;1;-1;-1;-1;-1;1;1;1;-1;-1;-1;-1;1;-1;1;1;1;-1;1;-1;-1;1;1;-1;1;-1;1;-1;1;-1;1;-1;-1;1;1;1;-1;1;1;-1;1;-1;-1;-1;-1;1;-1;-1;1;-1;-1;-1;1;1;1;-1;1;-1;-1;1;1;-1;1;1;1;-1;1;-1;1;1;1;1;1;-1;-1;-1;-1;1;1;-1;1;1;-1;-1;-1;1;-1;-1;1;-1;1;1;-1;-1;-1;1;-1;1;1;1;1;-1;-1;1;-1;1;1;1;1;-1;-1;-1;-1;1;-1;1;1;1;1;1;-1;-1;-1;-1;-1;-1;1;1;1;-1;1;-1;1;1;-1;1;-1;-1;1;-1;1;-465.0;1;090
90;-1;-1;1;-1;1;1;1;1;-1;-1;-1;-1;1;1;1;1;-1;1;-1;1;1;1;1;-1;1;1;1;1;-1;1;-1;-1;1;1;1;1;-1;-1;1;-1;-1;1;1;1;-1;-1;-1;-1;-1;-1;1;-1;1;1;1;1;-1;-1;-1;-1;1;1;1;1;1;-1;-1;-1;1;1;1;1;1;-1;-1;1;1;1;1;1;1;1;1;-1;-1;-1;-1;1;1;1;1;1;-1;-1;-1;-1;1;1;-1;1;-1;-1;-1;-1;1;1;1;1;-1;-1;1;-1;1;-1;1;1;-1;1;-1;1;1;1;1;1;-1;-1;-1;1;1;1;-1;1;1;-1;-1;1;1;1;1;1;-1;-1;1;-1;1;1;1;1;-1;-1;-1;1;1;1;-1;1;-1;-1;-1;-1;1;1;1;1;-1;1;-1;-1;1;1;1;1;-1;-1;-1;-1;-1;1;1;1;-1;1;-1;-1;-1;1;1;1;-1;-1;1;1;-1;-1;-1;1;1;-1;1;1;1;-1;1;1;1;-1;-1;1;1;-1;1;1;-1;1;1;-1;-460.0;1;091
91;-1;-1;-1;-1;1;1;1;1;-1;-1;-1;-1;1;1;1;1;-1;-1;1;1;1;-1;1;-1;1;1;-1;1;-1;1;-1;-1;-1;-1;1;1;1;1;-1;-1;-1;-1;-1;-1;1;1;1;1;-1;-1;-1;-1;1;1;1;1;1;-1;-1;-1;1;1;1;1;-1;-1;1;1;-1;1;1;-1;1;1;1;-1;-1;1;1;-1;1;-1;-1;-1;-1;1;-1;1;1;1;1;1;-1;-1;-1;-1;-1;-1;1;-1;1;1;1;1;1;1;-1;1;1;-1;1;1;1;1;1;1;-1;-1;1;-1;1;-1;-1;1;1;-1;1;1;-1;-1;1;-1;1;1;1;-1;-1;-1;-1;-1;1;1;1;1;1;-1;-1;1;1;-1;1;1;1;1;1;1;-1;-1;-1;-1;-1;1;1;1;1;-1;-1;-1;1;1;1;1;-1;-1;-1;-1;1;1;1;-1;-1;-1;-1;-1;1;-1;1;1;-1;1;-1;-1;1;1;1;1;1;1;-1;1;1;1;1;1;-1;-1;1;1;1;1;1;1;1;-1;1;-1;-472.0;1;092
92;1;1;-1;1;-1;1;1;-1;1;1;1;1;-1;-1;-1;-1;-1;1;-1;1;1;1;1;-1;1;-1;1;-1;1;1;-1;1;-1;1;-1;1;1;-1;-1;1;1;1;-1;1;-1;-1;-1;-1;1;1;1;1;-1;-1;1;-1;1;-1;1;1;-1;-1;-1;1;1;1;1;1;1;1;1;-1;-1;-1;1;-1;-1;-1;-1;1;1;1;-1;-1;-1;1;1;1;1;1;-1;1;-1;1;1;1;-1;-1;-1;-1;1;1;1;-1;1;-1;1;-1;-1;-1;-1;-1;1;-1;1;1;1;-1;1;-1;1;1;1;1;-1;-1;-1;-1;-1;1;-1;1;1;1;-1;-1;-1;-1;-1;-1;1;1;1;-1;1;1;-1;1;-1;1;-1;1;1;1;1;1;-1;-1;-1;-1;-1;1;1;1;-1;-1;-1;-1;1;1;1;1;-1;-1;-1;-1;1;1;1;1;-1;-1;-1;-1;-1;1;-1;1;-1;1;1;-1;-1;-1;-1;-1;1;1;1;1;1;-1;-1;-1;1;1;1;1;1;1;-1;1;1;-1;-1;1;-466.0;1;093
93;1;1;1;1;-1;-1;-1;-1;1;1;1;1;-1;-1;-1;-1;-1;1;1;1;-1;-1;-1;-1;1;1;1;1;1;-1;-1;-1;1;1;1;1;-1;-1;-1;-1;1;1;1;1;-1;-1;-1;-1;1;-1;1;1;-1;1;-1;1;-1;-1;1;-1;1;1;1;1;-1;-1;-1;-1;1;1;1;1;1;1;-1;1;-1;1;-1;-1;1;1;1;1;-1;-1;-1;-1;1;1;1;1;-1;-1;-1;-1;1;1;1;1;-1;-1;-1;-1;-1;1;1;1;-1;-1;1;-1;1;-1;1;1;1;-1;-1;1;1;1;1;1;-1;-1;1;-1;1;1;1;1;-1;-1;-1;1;1;1;1;1;-1;-1;-1;-1;1;1;1;1;-1;-1;-1;-1;1;1;1;1;-1;-1;-1;-1;1;1;1;1;-1;-1;-1;-1;1;1;1;1;-1;-1;-1;-1;1;-1;1;1;-1;1;1;-1;1;-1;-1;-1;1;1;1;1;-1;1;1;-1;1;-1;-1;-1;-1;1;-1;-1;1;1;1;-1;-1;-1;-1;-1;1;1;1;1;-484.0;1;094
94;-1;1;-1;1;1;-1;-1;1;-1;1;1;-1;-1;1;1;-1;1;1;-1;-1;-1;-1;1;-1;1;1;-1;1;-1;-1;-1;1;1;1;-1;1;-1;-1;1;-1;1;1;1;1;-1;-1;-1;-1;1;1;1;1;-1;-1;1;-1;1;1;1;1;-1;-1;-1;-1;1;1;1;1;1;-1;1;-1;1;-1;1;-1;1;-1;1;1;-1;1;-1;1;1;1;-1;1;1;-1;1;-1;-1;1;-1;-1;1;1;1;-1;-1;-1;-1;-1;1;1;1;1;-1;-1;-1;-1;1;1;1;1;-1;-1;-1;-1;1;1;1;1;-1;-1;-1;-1;1;1;1;1;-1;-1;-1;-1;-1;1;1;-1;-1;1;-1;1;-1;1;-1;1;1;1;1;1;1;-1;1;1;1;-1;-1;-1;-1;1;-1;1;-1;1;1;-1;1;1;1;1;-1;-1;-1;-1;1;1;1;1;-1;-1;-1;-1;1;1;1;1;-1;-1;-1;-1;-1;1;1;1;-1;-1;-1;-1;-1;1;1;-1;-1;1;1;1;1;1;-1;1;1;-1;-1;1;-457.0;1;095
95;1;1;1;-1;-1;-1;-1;-1;1;1;1;1;-1;-1;-1;-1;-1;1;-1;1;-1;-1;-1;-1;-1;1;1;1;1;-1;-1;1;-1;-1;1;1;1;1;1;1;-1;-1;-1;-1;1;1;1;1;-1;-1;-1;-1;1;1;1;1;-1;-1;-1;-1;1;1;1;1;-1;-1;-1;-1;1;1;1;1;1;-1;-1;1;1;1;-1;1;-1;-1;1;-1;1;1;1;1;1;-1;1;-1;1;1;-1;1;1;1;-1;1;-1;-1;1;-1;1;1;-1;1;-1;-1;-1;1;1;1;1;1;-1;-1;1;-1;-1;-1;1;-1;1;1;1;1;-1;-1;-1;-1;1;1;1;1;-1;-1;-1;-1;1;1;1;1;-1;1;1;-1;-1;1;1;-1;1;-1;-1;1;-1;-1;1;1;1;1;1;1;-1;1;-1;1;-1;1;1;-1;-1;1;-1;1;-1;1;1;1;1;-1;-1;-1;1;1;1;-1;-1;-1;-1;-1;1;1;1;1;1;-1;1;1;1;1;1;1;-1;-1;-1;1;1;1;1;1;-1;-1;-1;-1;-466.0;1;096
96;-1;-1;1;1;1;1;1;1;-1;-1;-1;-1;-1;1;1;1;1;1;1;-1;1;-1;1;-1;1;-1;1;-1;1;-1;1;1;1;1;1;1;-1;-1;-1;-1;1;-1;1;1;-1;-1;1;1;-1;-1;1;-1;1;1;1;-1;-1;-1;-1;-1;1;1;1;1;-1;1;-1;-1;1;1;1;1;1;1;-1;1;-1;-1;1;1;1;1;1;1;-1;-1;-1;-1;1;1;1;1;-1;-1;-1;-1;1;1;1;1;-1;-1;-1;-1;-1;1;1;1;-1;-1;-1;-1;-1;-1;-1;1;1;1;1;1;-1;-1;1;1;1;1;1;1;-1;-1;-1;-1;1;1;1;1;1;1;-1;1;1;1;-1;1;1;1;1;1;-1;-1;-1;-1;1;1;1;1;-1;-1;-1;-1;1;-1;1;-1;-1;-1;1;-1;1;1;1;1;-1;-1;-1;1;1;-1;1;1;-1;-1;1;1;1;1;1;1;-1;-1;-1;1;-1;-1;1;-1;1;1;1;1;1;-1;1;1;1;-1;-1;1;-1;1;1;-1;1;1;1;-1;-473.0;1;097
97;-1;1;1;-1;1;1;-1;1;-1;-1;-1;-1;1;1;1;1;-1;-1;-1;-1;1;1;1;1;-1;-1;-1;-1;1;1;1;1;-1;-1;-1;-1;1;1;1;1;-1;-1;-1;-1;1;1;1;-1;1;1;1;-1;-1;1;-1;1;1;1;1;-1;1;-1;-1;-1;1;1;1;1;-1;-1;-1;-1;-1;-1;-1;-1;1;1;1;1;1;-1;1;-1;-1;1;1;1;1;-1;1;1;1;1;-1;1;-1;-1;-1;-1;1;1;1;1;-1;-1;-1;-1;1;1;1;1;-1;1;1;-1;1;1;-1;1;1;1;-1;-1;-1;1;-1;-1;1;1;-1;1;-1;-1;-1;-1;1;1;1;1;-1;-1;1;1;1;1;-1;1;-1;-1;-1;-1;1;1;-1;1;-1;-1;-1;1;-1;1;1;1;-1;-1;1;1;-1;-1;-1;1;1;1;1;1;1;-1;1;-1;1;1;1;-1;1;-1;-1;-1;1;1;-1;1;1;1;1;1;-1;-1;1;-1;1;1;1;-1;-1;-1;-1;-1;1;1;1;1;-1;-1;-1;-1;-476.0;1;098
98;1;-1;1;1;-1;-1;1;-1;1;1;-1;1;-1;-1;1;-1;1;-1;1;1;-1;-1;1;-1;1;-1;1;-1;1;1;1;1;-1;-1;1;-1;1;1;1;-1;-1;1;-1;-1;1;1;-1;1;1;1;1;1;-1;-1;-1;-1;1;1;1;1;-1;-1;-1;1;1;1;1;1;-1;-1;1;-1;1;1;1;1;-1;-1;-1;-1;1;1;1;1;-1;-1;-1;-1;1;1;1;1;-1;-1;-1;-1;1;1;1;-1;-1;-1;1;1;1;1;1;1;-1;1;-1;-1;1;-1;1;1;1;-1;-1;1;-1;-1;1;1;1;-1;-1;-1;-1;1;-1;-1;1;1;1;-1;-1;1;-1;-1;-1;1;1;1;1;1;1;-1;-1;1;-1;-1;1;1;1;1;1;-1;-1;-1;-1;1;1;-1;-1;1;-1;1;1;1;1;1;-1;-1;-1;-1;-1;1;1;1;-1;1;-1;-1;1;-1;-1;-1;1;1;-1;-1;-1;1;-1;1;1;1;1;1;1;-1;1;1;-1;1;1;1;-1;-1;-1;1;-1;1;1;1;-463.0;1;099
99;-1;-1;-1;-1;1;1;1;1;-1;-1;-1;-1;1;1;-1;1;-1;-1;-1;-1;1;1;1;1;-1;-1;-1;-1;1;1;1;1;1;1;-1;1;-1;-1;-1;-1;1;1;1;1;-1;-1;-1;-1;1;1;1;1;-1;-1;-1;-1;1;1;1;1;-1;-1;-1;1;1;-1;1;1;-1;-1;1;1;-1;1;1;-1;-1;1;1;1;1;-1;1;-1;1;1;1;1;-1;-1;-1;-1;1;1;1;1;-1;-1;-1;-1;1;1;1;-1;-1;-1;-1;-1;1;1;1;1;1;1;-1;-1;1;-1;-1;1;1;1;1;1;-1;-1;-1;-1;1;1;1;1;-1;-1;-1;-1;1;1;1;1;-1;1;-1;-1;-1;-1;-1;1;1;1;1;1;-1;-1;-1;-1;1;1;1;1;1;-1;-1;-1;1;1;-1;1;-1;-1;-1;-1;1;1;1;1;1;1;1;1;-1;-1;-1;1;1;1;1;1;1;-1;-1;-1;1;1;1;1;-1;-1;-1;-1;-1;-1;1;-1;1;1;-1;1;1;-1;-1;-1;1;1;1;1;-473.0;1;100
